Performing Artist/ Talent Name,Stage Name (from Stages),DAY OF SHOW,Programming Time (from DOS),Soundcheck Time (from DOS),Set Time Start,Set Time End,Upload your Artist Press Photo,# Confirmed Greenrooms,Green Room Sched,Greenroom Start,Greenroom End
MAU P,LIGHTNING,FRIDAY MAY 22ND,5/22/2026 1:00 AM - 3:00 AM,5/22/2026 9:00 AM - 11:00 AM,12:00 AM,2:00 AM,MAU P - RIDER 2025 (2).pdf (https://v5.airtableusercontent.com/v3/u/53/53/1779400800000/iYqG7uG8lKGA5iqQuWbSYA/fORayxdXu-8UpMi-CPe7g4r7XY2q0cQcQgEwJXeFx4Om0VTvd8LDd3Vpldp3VJEKhRZS2pe2N5fJvNmzQbmdWM7AsuXAGnAAq5v4nbu7hFrvqpvruLvlMBJD49yUs1KWDusVQ-28w2FwxXkMUq-iIaSc1GFmi1xQrX4Vp_XiUrY/d_nDDYNpWIQ0f9u1zczAHPDslDu721tJTwIM59DkO7I),2.0,"MAU P-Greenroom-GR Trailer 1,MAU P-Greenroom-GR Trailer 2","5/22/2026 8:00am, 5/22/2026 8:00am","5/23/2026 3:00am, 5/23/2026 3:00am"
OVERMONO,LIGHTNING,FRIDAY MAY 22ND,5/22/2026 3:00 AM - 7:00 AM,5/22/2026 12:00 PM - 12:45 PM,10:30 pm,11:30 pm,Overmono 2026 Press Shot.jpg (https://v5.airtableusercontent.com/v3/u/53/53/1779400800000/gGm9T4FkOP09eb9yfyfhig/7Hu_0Kjkzb2G-CP_btzxA4MHcMlYdOi-W3Kh8z_BA76jTHWC6uhdPl1WS_KjN8zle33ABgbDf6ggDRlssgqxDbTSB-BQ9_WeUyjPlamLWHc-FB30TfY3jPho0ZQ58y4dSMAifCqlj3jtwwEBY_nUoghGV1Uv7XRMUNMoBhu6dMdUOn_bh8C0IDyzWOpEfIns/Wn7xT7wE35QWI7vw40D9uYUvSdWpry5zmbVjYBR8qzE),2.0,"OVERMONO-Greenroom-GR Trailer 3,OVERMONO-Greenroom-GR Trailer 4","5/22/2026 10:00am, 5/22/2026 10:00am","5/23/2026 1:00am, 5/23/2026 1:00am"
NOGA EREZ,LIGHTNING,FRIDAY MAY 22ND,5/22/2026 1:00 PM - 3:00 PM,5/22/2026 1:00 PM - 3:00 PM,9:15 PM,10:15 PM,Noga Erez_Helmet_(photo credit_ Alice Rosati).jpg (https://v5.airtableusercontent.com/v3/u/53/53/1779400800000/Hzk0or2BiCTrrMjsyzD_iw/bfy7zMo1byFjwM0ffQBnJgiIBDN2oR-DXM2XFBPatZG9_uE6T7tCx75PX5vQoIdJCMJR1MaYMXDON7m_mII6jE0WIvF43CjA_G7GcvuOrdfgFUmn_qSCCNGwEF_CH__9lb45YibpJVEdlfhCxzs69N97S66FpWhRkfhOe2KfxUpGll8wIoLm5BDkhPrP4eo6SpkKB35kJsgbtczw8k3IIQ/LNjAR9STHF2tO5kzbzfWGuLEG7sQyQMBOw9Ew_DCnlA),1.0,NOGA EREZ-Greenroom-GR Trailer 8,5/22/2026 7:30pm,5/23/2026 12:00am
MIDNIGHT GENERATION,LIGHTNING,FRIDAY MAY 22ND,,5/22/2026 3:00 PM - 5:00 PM,7:45 PM,9:00 PM,2 2.jpg (https://v5.airtableusercontent.com/v3/u/53/53/1779400800000/lK2-Dg7V6BRWSWN_CMaCKA/6HgYvmw3rDpgEghGXgqw436ppSl_ecMOB3c0Ab6EDHTCYGXBV3HSfuzpERtTMhC94E_KDUv2B8QDEBpOOx1T2-m6pKrQPqjfDUPG4WsCwFSoBj6ulazSDfJgzwzkdfq0zJLRdC0bJrbWG9F62dO6jQ/JKOo30T8u9IO0BL1o2LBZD3re8TGLur93FKk0prJZas),1.0,MIDNIGHT GENERATION-Greenroom-GR Trailer 10,5/22/2026 5:00pm,5/22/2026 11:00pm
KAMAUU,LIGHTNING,FRIDAY MAY 22ND,,5/22/2026 5:00 PM - 5:45 PM,6:15 pm,7:15 pm,2O6A2345.jpg (https://v5.airtableusercontent.com/v3/u/53/53/1779400800000/yik-OaNHBfpncKlELqhJbg/qDm7B9oKLXhaMeQ0I342vXTgdC1x6qSKrIBK7bacfSlEX7xXvHp4wB9JBVPk5HvKiNgKADnC9rgrtHoEWPlU0TarCL_0WrCrqjqaCeeQr8GyS48wA472rQhWRA9fyAfMvTeJWq4aqlsppmJNKe795otyeXY23Qax0XLx7mRns8I/nkNa12_0IAXTkhY7iLhkLvKecJ7-AUlWT4PUO7U4bW0),1.0,KAMAUU-Greenroom-GR Trailer 12,5/22/2026 4:30pm,5/22/2026 9:30pm
CHASE & STATUS,LIGHTNING,SATURDAY MAY 23RD,5/23/2026 2:15 AM - 4:15 AM,9:00 AM - 11:00 AM,12:30 AM,2:00 AM,C&S Press.png (https://v5.airtableusercontent.com/v3/u/53/53/1779400800000/PD0usqM3Sn0Effh4G8amFg/dWo2USxAGdbQjuEPk8T4ZPKeChEOmNzO8aBL9f4U8uNXDiVw6NSDjb-NCL90jzIa_DEvKTaz4THfsd8mJps0j4WOBTjlE-zzo7Kiue_iWQaGEMGWSpx-assY3sPkbW6aPjovroAG8TY9lWMHPgOwXYSGeOLetVVFr29CzeDA_oM/ocwIVunlpYQ78qliS-AhJFRp7KwlLhMJGO-Nv2mY8Qk),1.0,CHASE & STATUS-Greenroom-GR Trailer 6,5/22/2026 8:00am,5/23/2026 3:00am
BARRY CAN'T SWIM,LIGHTNING,SATURDAY MAY 23RD,5/23/2026 4:15 AM - 6:30 AM,,10:45 pm,12:15 am,Screenshot 2026-05-21 at 2.03.32 AM.png (https://v5.airtableusercontent.com/v3/u/53/53/1779400800000/wjTjlyFSeKilEQBmJtHrvQ/_ANrYthr4iC--TJmjBLa6NH1yHUdjYwTKb_07DF9DNZbPiZmY4LCwyMX0j64xruGupmuGBJF4gZfvFnV8ityE-Nh8rYb6pdMZU5_9Y_MuyzS9Q8MzI8oYEtDJ4bx8s6YfOzfmVlhZTp6ypoRsL_On7rgl0tq8bQdbjMYqu7RlgArSexl8vnnJ3JFNbunj6QQ/yAEhV866GI0TWgqm80MV6aLCBHBpWTZ1x8SdjREqz6U),2.0,"BARRY CAN'T SWIM-Greenroom-GR Trailer 4,BARRY CAN'T SWIM-Greenroom-","5/22/2026 10:00am, 5/22/2026 10:00am","5/23/2026 2:00am, 5/23/2026 2:00am"
NIA ARCHIVES,LIGHTNING,SATURDAY MAY 23RD,,5/23/2026 12:00 PM - 2:30 PM,9:30 PM,10:30 PM,col3.jpg (https://v5.airtableusercontent.com/v3/u/53/53/1779400800000/WibRmMFZc4evrcUM8sNS0g/vQgQOG4QMid1xqaaGic1Pc-e3e69gDO4xDoFC_0NVZ4DsAv7OpWFNCHlmNCuCYIZLLKmzUBFNYlwep9V0urSYNog85KJEU85iKf6_-J1MakdQ4lUV0LiVkWNfJ3oHwBShjb-VZJTK02TNi-yr-PYzQ/L0w9ANtwBziOCx7tGoAuaVyj1MGM2GSSU55E64AcaqU),3.0,"NIA ARCHIVES-Greenroom-GR Trailer 1,NIA ARCHIVES-Greenroom-GR Trailer 2,NIA ARCHIVES-Greenroom-GR Trailer 3","5/22/2026 12:30pm, 5/22/2026 12:30pm, 5/22/2026 12:30pm","5/23/2026 12:30am, 5/23/2026 12:30am, 5/23/2026 12:30am"
TRIXIE MATTEL,LIGHTNING,SATURDAY MAY 23RD,,5/23/2026 2:30 PM - 3:30 PM,8:15 PM,9:15 PM,Screenshot 2026-05-21 at 2.05.47 AM.png (https://v5.airtableusercontent.com/v3/u/53/53/1779400800000/vnF1qo2oc2CyGX0AjWetNw/ylMw2qIJ9uvS3mFCVBda_R-XAgnBwWceKwfi-8tCdVNL9czb5xj85cJRXwji5a4HuG8oioWPKqzzZzwIQ79Wr369L-OpWLAYbjB2GCRUARgU0mUzP-EiGVfJGzHPMQxK0XWa6FEI32RKfzbl0_cN76L9cj81FJ3WPlhXiF54PARSSvj_vQS80-eBiSTo035Z/UIsXgjnnj_cURIaXQpW-9mCzORUJtVWeZC-VFWh4sr0),,"TRIXIE MATTEL-Greenroom-GR Trailer 13,TRIXIE MATTEL-Greenroom-GR Trailer 15,TRIXIE MATTEL-Greenroom-GR Tent 2","5/22/2026 1:30pm, 5/22/2026 1:30pm, 5/22/2026 1:30pm","5/22/2026 11:00pm, 5/22/2026 11:00pm, 5/22/2026 11:00pm"
RM47,LIGHTNING,SATURDAY MAY 23RD,,5/23/2026 5:00 PM - 6:00 PM,7:00 PM,8:00 PM,RM47 LIB PRESS 1.jpg (https://v5.airtableusercontent.com/v3/u/53/53/1779400800000/XRYPCCjHltpZ8OIgH0lu2Q/-qPP-dfaz6jfvYm3t8vfFBBcf9DB4Jcu0ontOce9yrFFstfu_u8zhBjfcI2EBk3Djt_ks7KcKUwXbgcYDWruGpzG6yTe1jUejh-HSAtcN6Gla0v8gH8XTTptl3yAJNAZYVmcMvd_DbfCVZ0v6VhzxxuSxGybwl714dz-SA8IRBM/ZSqUummSciG6SojjutpXgXsF39KuKHRKnM0G8PzzJ5E),1.0,RM47-Greenroom-GR Trailer 14,5/23/2026 5:30pm,5/23/2026 10:00pm
EMPIRE OF THE SUN,LIGHTNING,SUNDAY MAY 24TH,5/24/2026 2:30 AM - 4:30 AM,5/24/2026 12:00 PM - 1:00 PM (linecheck),12:30 am,2:00 am,Emperor Blue_ATG26_FINAL.jpg (https://v5.airtableusercontent.com/v3/u/53/53/1779400800000/0TXYiVAkRl4Ew0UitI2Z9w/Slxs7H6YK9YLNCNa8MSg6GP7Ff67eb5_7I-CW-orXcdqFEe0NemUb1BIR22VwFw6R3McWFkUVCVSb8Z3s5tj-7DOAmsi5bs5yOBIyj5r6-8L-wvdX7d_hTHHYjD4t4q4ulhBz7KaXEp1CTteVKVhUoYX5FtPNL9QIKNro_Z-xe1AMqFMSAvu0SKEHW6HJMna/z44jlJb-PInOKlL7ZMA60wRlqjVxhMTvUM9WQmz2wwo),6.0,"EMPIRE OF THE SUN-Greenroom-GR Trailer 1,EMPIRE OF THE SUN-Greenroom-GR Trailer 2,EMPIRE OF THE SUN-Greenroom-GR Trailer 3,EMPIRE OF THE SUN-Greenroom-GR Trailer 4,EMPIRE OF THE SUN-Greenroom-GR Trailer 5,EMPIRE OF THE SUN-Greenroom-GR Trailer 6",,"5/25/2026 3:00am, 5/25/2026 3:00am, 5/25/2026 3:00am, 5/25/2026 3:00am, 5/25/2026 3:00am, 5/25/2026 3:00am"
MOCHAKK,LIGHTNING,SUNDAY MAY 24TH,,5/24/2026 2:00 PM - 4:00 PM,10:15 PM,11:45 PM,Pedro foto.png (https://v5.airtableusercontent.com/v3/u/53/53/1779400800000/Y0HkpZtIgv8vx5znPMNFmg/C_41fy7uv0LDZjdF-TNMnTvQrxeb6i2_mvD_9ddUQytt8EyEK1Jx1cJ0x0-EqLWaL5qeBijCTjkZsIi2eLNrCmukrbz5GoBS4R200Og22iiZjRo6iYjnf1zpEM6JT3CYT-JBTlzt_JmmO8uk9D_JniuYCHVs9hUtuvQEy0nxxnc/x9o8r56N9M5zEPulU7vl_S0qfoNuRjgmnu8ogNarPuU),,MOCHAKK-Greenroom-GR Trailer 7,5/24/2026 12:00pm,5/25/2026 2:00am
TINASHE,LIGHTNING,SUNDAY MAY 24TH,5/24/2026 4:30 AM - 6:30 PM,5/24/2026 4:00 PM - 5:00 PM,9:00 PM,10:00 PM,2320.webp (https://v5.airtableusercontent.com/v3/u/53/53/1779400800000/G9YW5kg_k4yPfOqiNeLCbQ/UA3KsCUitm5dQBWY4R6mmpdxRVpH_Vo7w6nPI5dMFKBlIBElB1GmVCt8bYXWDbNiGUYwYTxEuR84aE_Lc9cdmMlxNyYl96RirzoJl59dmUnMQKw6kQ--NlKGc_RH_32XCQ8PRtq_F0dmp5RfMgLDBw/LB_32cDk_KIE5zZlbTU50vCC2_ItNsVAlEGu58Y0Os8),2.0,"TINASHE-Greenroom-GR Trailer 13,TINASHE-Greenroom-GR Tent 2","5/24/2026 10:00am, 5/24/2026 10:00am","5/25/2026 12:00am, 5/25/2026 12:00am"
HAUTE & FREDDY,LIGHTNING,SUNDAY MAY 24TH,,5/24/2026 5:00 PM - 5:30 PM,7:45 PM,8:45 PM,H&Fpress.jpg (https://v5.airtableusercontent.com/v3/u/53/53/1779400800000/bRf_qnSB57Zx6Rm50hjoKg/5tSvRWhuUpLa6QmRKn_J9f1ZzMphQxqaXnCeCPWo05SQUwvXgtyMYVSNQbxec_ejjqlMJW9mX8TaGKJz6WzhmK7R8plvzTZPwL78BpSoAn13R9g_taH0moBAQtJ9AfHd1mswgb1OyttlGVYyjNrLMQymCs0CNC7b1UmUsVcYM0o/ZSqcRDvxSnEdD1eGZW1c78YHqGT0MO26BJfWG_MFNRo),1.0,HAUTE & FREDDY-Greenroom-GR Trailer 10,5/24/2026 3:30pm,5/24/2026 11:00pm
BIGGER THAN US,LIGHTNING,SUNDAY MAY 24TH,,5/24/2026 5:30 PM - 6:00 PM,6:15 PM,7:30 PM,btu_cadet_press.png (https://v5.airtableusercontent.com/v3/u/53/53/1779400800000/mh4z8SJ_jqbCpVnwE1vplg/0ZAIcOgTmecd01AcR5py2sjmIjtMw__J83awNnmWhxHU6gzvkPW45ouIAbdHm0zjJo16hOApWA2Cvlmi3svopRRILh0SQJ7YOfvmwsO6XaeKmkVZFmXBbPssOwrWVsixjebYrSskTlwfbeEFVdL2ly9iwqC8qaNLfwpRIkXfxWU/YxOcnxsao9Tw_KYCJRIimhzPbw4d2vTlXRNQW3v85UI),2.0,"BIGGER THAN US-Greenroom-GR Trailer 15,BIGGER THAN US-Greenroom-GR Trailer 14","5/24/2026 4:00pm, 5/24/2026 4:00pm","5/24/2026 9:30pm, 5/24/2026 9:30pm"
ALLEYCVT,THUNDER,FRIDAY MAY 22ND,,,12:45 AM,2:00 AM,ALLEYCVT - 9 LIVES PRESS - 1.jpg (https://v5.airtableusercontent.com/v3/u/53/53/1779400800000/BjU4XsRBHO4Dhlm_5OK-Fw/oHNkGh0S7ARuxeBcRC21BPbLYCr505n5krmXt2Sw7MzrxR-qtVKheZ1HzFWRFcX0HjXdUjXhjp3aPZ4Qzu5cmgBVD1mr4kmPnKlCxb8IBWrwjwvOwATol_EpFsRkanjht7O1XM95qNqyzr9aRfLo2bh87qVLx9RadVc8dHaHIcVvzBLGVh8mLwY_xbBHKyVD/O-M3UgVHS1eiRUv6TEK6ZzPdqL31L1N6WYu2WJexz00),1.0,ALLEYCVT-Greenroom-GR Trailer 16,5/22/2026 8:00pm,5/23/2026 3:00am
ZEDS DEAD,THUNDER,FRIDAY MAY 22ND,,11:30 AM - 12:15 PM,11:20 PM,12:35 AM,ZEDSDEAD_12.jpg (https://v5.airtableusercontent.com/v3/u/53/53/1779400800000/04P2pm1jNCVWEHDP2elxyw/oSc327o_rgTr45bCylRq4VWQXWMcoaKKH4es6U6AAa8WSvR_TSF5hi8CRRtCsgk1baFA0ax3OpDcLvZ6s890G5xWoORZnE1BPUn84QHQ66U1ixizUZ2JhpU6Tlwaz_ho8mUi_EEsJxOKyhEi4Ydfw_mpUTe6Tk_FKJOTnWcF4IE/X6cvXuNwgsv0ZGYi47lYRRAzSCfnsypVLS3RRmBT8ow),2.0,"""ZEDS DEAD-Greenroom-GR Trailer 5, STAGE COOLER"",ZEDS DEAD-Greenroom-GR Trailer 6","5/22/2026 2:00pm, 5/22/2026 2:00pm","5/23/2026 2:30am, 5/23/2026 2:30am"
 IVY LAB,THUNDER,FRIDAY MAY 22ND,,,9:50 PM,11:05 PM,9cca9db2-301d-11ef-954e-0ecc81f4ee58.jpg (https://v5.airtableusercontent.com/v3/u/53/53/1779400800000/K19_PVNSG7-F5tzDwfwHiA/H4-AYAspHfQCWcs4anyChT5xFNZZVUHlG-OEOOYLhGJ_l_Y7EScYJA8zp5fjGJiPIXLlhBcg7ix6_tWOGmS1QFBcd8DuZJDcQ-7Rr680stua3_btXZ_HMmOemubKThl91fCChm1cIJkBiedXxGSs78xGDGenhYFMkW7BpZuRaW1Q0Qd2T4qnTJ27_VCTiSzV/lGhOflltn35Ecg87wWzqYYJKkUhB0U3lYzP2RkkWM9U),1.0, IVY LAB-Greenroom-GR Trailer 7,5/22/2026 7:30pm,5/23/2026 1:00am
MPH,THUNDER,FRIDAY MAY 22ND,,,8:35 PM,9:50 PM,IMG 2.jpg (https://v5.airtableusercontent.com/v3/u/53/53/1779400800000/5OmRoIR60aL_sO41T3yCBw/KSirJuALL3cjU97AQFM0uHcsfx_QYDvEFcNQMKk2hCwCPM3VE0h1kWzjCJ8OuqIUj7Rr7IWFYGt31DvjmcEB4DFlnJZJ7Yc5hnej2T9RsDfPyqjCiL4KgTMeeNLFPAmFKD4g85nDGgZIKBo3iAq6maZuk-0Gq4GlhudC7stQgx4/EJk5SyRcI785V8nfdMqzil5QfAd0Xrm_P9BnC5FhdNk),1.0,MPH-Greenroom-GR Trailer 9,5/22/2026 7:00pm,5/23/2026 12:00am
FLAVA D,THUNDER,FRIDAY MAY 22ND,,,7:20 PM,8:35 PM,FLAVAD_2JUNE2025_@SAMCORPHOTOS-14.jpg (https://v5.airtableusercontent.com/v3/u/53/53/1779400800000/1PFw8tz6iP1npCK-uFYL5Q/7Wy-hUp3djC7hXFrWNUepv-ZrZ9PG0kAmFCEsHNGAcqRfL6Gi0pW9fvTzfwqb7XLa-0bXUDLOGhaSRS6k56oy1QCS2i3scCH5HPeiweGAWCU3qNHSBVSwFtLiLYiXwXJsie1W7pzEbC2WgkpOKIg8GT4oVzY4v_7N6CYSj7cf1iCbQagRx6NA0he3cj2VEmQ/yNj1FXgjoVMfeKLjhDYKwUO3thcB5fyd1r-MjyjfjDc),1.0,FLAVA D-Greenroom-GR Trailer 11,5/22/2026 6:00pm,5/22/2026 10:30pm
BORNE,THUNDER,FRIDAY MAY 22ND,,,6:05 PM,7:20 PM,Close Up 2.jpg (https://v5.airtableusercontent.com/v3/u/53/53/1779400800000/YY6DW2lWVkWnmTqlHHW7JQ/Bv8klN33fQPyT2ktKPx6sqd7OofG-9Hs1mbhJ9H1hBin1dU2Q_ySZBnwldodq4s14Y-Qh7F-BAhJcnBYxrs9VyyRDVlFEQ29Jh-44mRgVr-MTe-AjrXOGac6H1GIuHl_AkDw71Iilf6VzT-vjpjiVfwWPS5ZPjfjiByMmzHRSUQ/DGPx6fpMwsq9aSuCWDB31gcpmt1qGHDFaMthypmIR40),1.0,BORNE-Greenroom-GR Trailer 13,5/22/2026 4:30pm,5/22/2026 9:30pm
CASEY CLUB,THUNDER,FRIDAY MAY 22ND,,,4:50 PM,6:05 PM,Casey Club Press Shot 2 (1).jpg (https://v5.airtableusercontent.com/v3/u/53/53/1779400800000/YXvSQrEYq52i1ICrmZs1Fg/7eVG-EkvKyy4JqWk9VkMqa3CVgymkmA3szOIDDlKlqVFAv2i_JV4WcpRsNU_WhasTgdgXjpggXnN_KvYccQ-VHnmo8kf_9c_-_7igEVNnRUgZX0q6O06M-JBEtuT5iFEh8nlCVBKc9ow_eQYgbAtTh_t5LarB5E62wPidA9ebGE/JtoxRUd0JsYbGG8iNqUP4KwP04m4WpwEpWuo-UBNWMI),1.0,CASEY CLUB-Greenroom-GR Trailer 15,5/22/2026 3:30pm,5/22/2026 8:00pm
DONNA DADA,THUNDER,FRIDAY MAY 22ND,,,3:35 PM,4:50 PM,donna dada - cred skye olesen cormack.jpg (https://v5.airtableusercontent.com/v3/u/53/53/1779400800000/H8uwVzNI5JOxlCzyX8w5Ug/GMi4il4Iotw78fwAhkoakT2lof4Lu3HBjC4NVbBV2nqUfQOGLCNaiEJPVhHVFAx0ABPjQooDcX66i85inFfQC582Ma78P_KjqAgqg7N2fZjiQBVsaKRyXyayBTX5fyPwyctTglmxVyugXFZBtrJK23ccF0eOvtFGcXOb1p_Lz6LLVqDWJDzNkVa0sNCwUgUb/eD7and45ISE44QnkW4E9VBAWvxTAwfZpoYsjkce_O1I),1.0,DONNA DADA-Greenroom-GR Trailer 16,5/22/2026 1:00pm,5/22/2026 6:00pm
MINDEX,THUNDER,FRIDAY MAY 22ND,,,2:20 PM,3:35 PM,IMG_8794.jpg (https://v5.airtableusercontent.com/v3/u/53/53/1779400800000/NZixu_yhpgAJn5JWiIPHYA/28evBxrPI2E2vL2mBI_SLIIj9KCvMZrTnHtgzCcwRuNnNUp6541gwk2sEgX4fTMSpo2JsLsRuuLMIY2C1EWYKHysDZqXXVXMTEc2M3vc25xZflu50f_pk-UeRWK4LW6ENpM6eZs2magCeTuHxzNIVxSiSgU-MJacHoMAjWBHGWo/YE4KsYODx_zXt0EBM-ucyp3KKB8u4YDTXD-IPL4_J6A),1.0,MINDEX-Greenroom-GR Trailer 17,5/22/2026 12:00pm,5/22/2026 5:00pm
BASS TEMPLE,THUNDER,FRIDAY MAY 22ND,,,1:05 PM,2:20 PM,DSC_0638 3.jpg (https://v5.airtableusercontent.com/v3/u/53/53/1779400800000/eZTy8RAiMYGSKRHgmM1p1g/mqH69KLhLO0ELWabL66_eChzYiz2HQYzTVhvNBO3xis37RDfCCdLbLGJMfq37VwrrkD9SpxwMGCWjss5q_BQEM6NBmfwFESgctKntQH4BDDCVvpjBZ7sMizA5j42uQ1rjCb08hHUEIuRrFp8h6Gl2RZqUj0q_77s-hlnE6cnh1Y/eMc8EnIiu14u8j9qCHacEjenMpeOJ4W8syqJ62d0Utc),1.0,BASS TEMPLE-Greenroom-GR Trailer 18,5/22/2026 11:30am,5/22/2026 4:30pm
DAILY BREAD,THUNDER,SATURDAY MAY 23RD,2:00 AM - 3:00 AM,11:00 AM - 11:45 AM,12:45 AM,2:00 AM,Daily Bread Press Photo.jpg (https://v5.airtableusercontent.com/v3/u/53/53/1779400800000/5t_TGwMMstwEUiXJHjsEDg/2Ics5ySYoDQoEWjkMQoyku20L8fjRJdelsoaDZa4ZrK-ck3ndFErYOAT32QhuLxhf4whq63hqzsArwZw9mC17ggZUnbjJGQ-PPkVbcgfETP0nmwP4ltLMgoCj9TTeZfUUnE7vqLTCIhnii0B1wT6IXs3HYVu8csWUy8xVWUABsIPAoQSixhiXozEBLpeB4z8/CXuox8YTtW6DIzYgTxw4retHz3ZY_PzGoyYxkudMXBE),1.0,DAILY BREAD-Greenroom-GR Trailer 10,5/23/2026 3:00pm,5/24/2026 3:00am
INZO,THUNDER,SATURDAY MAY 23RD,4:00 AM - 5:00 AM,,11:15 PM,12:30 AM,INZO mirrorverse tour press final v2 web size 09.25.2025 - 052213.jpg (https://v5.airtableusercontent.com/v3/u/53/53/1779400800000/JZLSwVNYy3BjHXyd5zH32w/eWzbNXES5DaAlSGuUrMrEXljC8k60mAIZJJ7LfiStK1VhXon33eDAjOoUjoRH1JxZdxBGlM5_aOt4oOcvK9yi_nt8UQBSmnPzHt6MIQoAu2MPnrqPVO2VOtqfl8UpMv8sFB9zgnRik5QLbmrizk4rpOfTbje38vbBB5oSyWFyXp271AKEYPXV7Ei3iHeopXzZaUlfcIfA4zZg9Pha7BsXoTuK-VXWFDNLFK_sWBgX1U/30IMtxCosj7RpFgrqE8yjnxkC-hrgXvtx-HOM2LuVfw),1.0,INZO-Greenroom-GR Trailer 18,5/23/2026 8:00pm,5/24/2026 2:30am
 MADAM X,THUNDER,SATURDAY MAY 23RD,,,10:00 PM,11:15 PM,DAAN-DAM-MADAMX-8.jpg (https://v5.airtableusercontent.com/v3/u/53/53/1779400800000/WjQ4qSmqgBhVa-vK7VCZdg/pEt8qOUiws_7BtK5xK0LYES0b5_XPR87tC9DfmaT0tS2mjIMvO2xkeeVBbThLgbg9XDYBAsYstCugOjZG9oBvX2z_ayFw_DRNneTM3iBtfz4ANpi0pcg_FIyjzEAWdnbs-NL1K6jI6-QaSH60kQKH-l5ieY8agPF6XDG5Tp_ozQ/qA7WWEC9WSqQf4pB-F7YmKW7IfIevqW78T3HG8HBd6s),1.0, MADAM X-Greenroom-GR Trailer 12,5/23/2026 8:00pm,5/24/2026 1:00am
OPPIDAN,THUNDER,SATURDAY MAY 23RD,,,8:45 PM,10:00 PM,oppidan.webp (https://v5.airtableusercontent.com/v3/u/53/53/1779400800000/Ir9MC82kqmH457HmA-CNxg/6Ja10Uyhxq5Md8Mql-QVIQZwPEloEn4e434yE-mU-zDxXxB7ThGmKI6Dz6bC2GU0gz41bH4vU5LquaLBZNjdOVHPJ4678Pyxry_xmzkeuTGc-4VA5_9AdDNepnDr5I0mzMDP8z4yAdHEH4uVq0xGX-UKsaHy-6aPlM5JiQbK42Q/glafU8-8B8uAL4ex_2TTFW0oBTIP0wifyPHWtN3DMsA),1.0,OPPIDAN-Greenroom-GR Trailer 9,5/23/2026 6:30pm,5/24/2026 12:00am
ELEPHANT HEART,THUNDER,SATURDAY MAY 23RD,5:00 AM - 6:00 AM,10:00 AM - 10:45 AM,7:25 PM,8:40 PM,EH Press Photo Option-2.png (https://v5.airtableusercontent.com/v3/u/53/53/1779400800000/hXnYKHhXOmLBNGBP1WDqZA/w7jsPjJad2pO6s4i4r9UKffwbShvwuxB-px3PHMDT-iFK3f_uazaVtn1O3pDu2lORnCZWThLRl34P6hMBTClpL4yCu6_ABMhNMWFy06HF1QWsP2Mk7I-5zBBgzeUA32rEZrNMQ5nC9c7M7jC6pdVitrArgp28xY_hPzQO0c57UW0bnGk0l7FHVbhgdydpAgF/gnk2K1Y73sN6io0Xn62Y9wu9Uc9yh9oNeIjd34Ak8jM),2.0,"ELEPHANT HEART-Greenroom-GR Trailer 7,ELEPHANT HEART-Greenroom-GR Trailer 8","5/23/2026 5:00pm, 5/23/2026 5:00pm","5/23/2026 11:00pm, 5/23/2026 11:00pm"
MAIN PHASE,THUNDER,SATURDAY MAY 23RD,,,6:00 PM,7:15 PM,WhatsApp Image 2026-03-16 at 5.18.19 PM.jpg (https://v5.airtableusercontent.com/v3/u/53/53/1779400800000/_XEwRAW4hxEh53wTOr5Vbw/ZNHLL3CmrubbCyXc8_lKk5rORSVzI1-dv3QI3THKAmoDlORY_vCzokTQcN4w8ag7rky9pPWXXtywaqheK7O7usagLkpAn7A3HKlwFiIHo9gattcktxMw2T82yJC_8ZxpaVisszk2UzNfGxS-1sGzyoeckMMf4lbFYdZ-FgkSMFEOVdxnC4c2jDbdk575Y4ts/bEYBSHNpb456WFHe5up28Ze4r8TriWAwNnwP2mJ8aG4),1.0,MAIN PHASE-Greenroom-GR Trailer 16,5/23/2026 4:00pm,5/23/2026 9:30pm
JUSTIN HAWKES,THUNDER,SATURDAY MAY 23RD,,,4:40 PM,5:55 PM,justin hawkes.jpeg (https://v5.airtableusercontent.com/v3/u/53/53/1779400800000/jKmkPdXsoKrhD1OuwoQR1g/8qRgQyCusOWIhq5OtQXDYGJOa8uCxZ6ooIfLJTmYUQBPMiav6gbu-vnINZu2347eQ9HrK0RVJc81RjVW3VoDhdmjgSENWx40b6QbUtfAxi90y8LUM0MhPhfHMMl-bbT72AwFm7QQtWmjep3FW10CVNcoIC12FW3AmaaKD6A81hY/Og_bXLDyQR7Cuj1QYYImURiwB22_I1inxD1is0geRdg),1.0,JUSTIN HAWKES-Greenroom-GR Trailer 17,5/23/2026 3:00pm,5/23/2026 7:30pm
BIANCA MAIELI,THUNDER,SATURDAY MAY 23RD,,,3:25 PM,4:40 PM,profile pic april 2026.jpg (https://v5.airtableusercontent.com/v3/u/53/53/1779400800000/z_ki682H5tOBaghlJQna0Q/AJbxo3u_YdLOZHOpkqtEnbt8lUXJaJN-CZ0FlUyq3owcUbZRhIVqw3C_4ibso49dLV1yNEyvXJJgcs16uFZ3wRtfNaSNMrVFnT9V2Zq-nQ9n6qdq2QoVj7gA2w36RbZC8-TwrbBVjSBWjhdQEv7UDhVO1mZdp0TL-XT7enaMhiXcgFuqDFLiCJJyWKeFj-Bx/zD32cWxrvyMotj7DpEtQoDHVaW0B9KCq4RlbR-yv_cM),1.0,BIANCA MAIELI-Greenroom-GR Trailer 18,5/23/2026 2:00pm,5/23/2026 7:00pm
CLEARCAST,THUNDER,SATURDAY MAY 23RD,,,2:10 PM,3:25 PM,Clearcast Press Photo 1 @guarionex_jr.jpg (https://v5.airtableusercontent.com/v3/u/53/53/1779400800000/YtfY446d0QuuoilrdP34eA/GVS7A2ZdzUH7UFe4LWi0FTZVJNfycyeA6M11Gb3hSHR7-PPIWx3zQeQ1cqid7DooJN3sOjjZEX41s1nxToVvbA5u9bmKWI8pEZwARDE6E7kQUdM788DzWKj8vrow1zs_TQ7f3AbgtxKm3ZtU-tXobctZrXQcF__1wx3KNphUVGrgv_iQMNpaRRqvnIcnH1qV/dxoKPmx3A7okp8Zsc2x3GEeO0bUsJ4Z4e0fJIt7KPkU),1.0,CLEARCAST-Greenroom-GR Trailer 15,5/23/2026 12:30pm,5/23/2026 6:00pm
COCOA CRESCENDO,THUNDER,SATURDAY MAY 23RD,,,1:00 PM,2:10 PM,epk.JPG (https://v5.airtableusercontent.com/v3/u/53/53/1779400800000/5a9eu7GbHYppiRX2nMFyfg/FKB0qEvUYq3JcU6NC7n_AZY_DDTnUPfAdjmRWpOWmGGZeKWJZ1aV94txbvYG2iO2pcblC3FH3Tcc7mxSUJbCeitey-KWiSadWIOgFxHHWrlDSQpSRUq6v23D3TcB1wK-TjUGadYoOFVPSYNloOIl-A/PJt3JCjUN5Sc1RlHXgwt9NnmnYejpaKBGC_aXVmSZiQ),1.0,COCOA CRESCENDO-Greenroom-GR Trailer 14,5/23/2026 11:30am,5/23/2026 4:30pm
DIMENSION,THUNDER,SUNDAY MAY 24TH,2:00 AM - 4:00 AM,,12:45 AM,2:00 AM,dimension_headshot.jpg (https://v5.airtableusercontent.com/v3/u/53/53/1779400800000/9hGwuT55YNu4uw3zNYTu8w/vqE2eOF2WjF7aE2TSR41niUYUGvrRe6xDrgktNFujHnEs4EdiVV0hPz8DAUh5HWeAuL7wQcyfjDF_1eExf41wcz7IHEKCcZEOdsSOXIy2i2O8RkiV-0zYYXW9GWgqLXHQiwPMtlZpYwAOMFGL0hOjwOgQg9flvR4TnfuOjv1kIQ/KQ64yaEflu0-j68hYQtKNPhiXW-bvqtDIjOzdRojFZk),1.0,DIMENSION-Greenroom-GR Trailer 16,5/24/2026 10:00pm,5/25/2026 3:00am
OF THE TREES,THUNDER,SUNDAY MAY 24TH,12:00 PM - 1:45 PM,,11:20 PM,12:35 AM,Screenshot 2026-04-25 at 1.35.09â¯PM.png (https://v5.airtableusercontent.com/v3/u/53/53/1779400800000/RRYo4RtPLYLi7hMtj5n39A/SiHTbjQuSS2TcPUEgQpo_BZOsZzR07tsXe1m6tyYgg5vyIVoB83xxjrMaRuurI692NIm14q66mlHYh2x3S4WdD5fr29VBRTHS65lZLzeA_UnVVWePniLGrCBlyjfjKG30KMZr20-msJnxkzaQT7yKQjYG1Hf0EKzLlvaqIMOgyKnsRXQclo25QIy4XhyBp9f/ji4wxfyFo4F6_H2_pBVEeoI4oxuT64Na7rcSPibPRY0),2.0,"OF THE TREES-Greenroom-GR Trailer 18,OF THE TREES-Greenroom-GR Trailer 17","5/24/2026 9:00pm, 5/24/2026 7:00pm","5/25/2026 2:30am, 5/25/2026 2:30am"
JIGITZ,THUNDER,SUNDAY MAY 24TH,4:00 AM - 5:00 AM,,9:50 PM,11:05 PM,JIGITZ-kevin-buitrago-12.jpg (https://v5.airtableusercontent.com/v3/u/53/53/1779400800000/fW4Cwazw96r3Q9DjEuZxpQ/2uSFDaKdMTml5pM93D_TWGoiQNpWdhoVY-d5uEmZYiusaf932qDgcfw01ApttpnXMXD-ULR7lqu6cn9wfNBkHA_e9ZFVBMqgfZvkpwzzNsvy3H2XEhrSHHSOamkUAvXCXtVjbiEP0D-igmLdaRoFpqLDHVvNrbZHz7xhg03T-EobMStF2PMPfWe0FDEH9lNx/qrurRrze3V_hcmSuTkTBhltJ8wnLNZxfwpHQx3FfPNA),2.0,"JIGITZ-Greenroom-GR Trailer 11,JIGITZ-Greenroom-GR Tent 1","5/24/2026 8:00pm, 5/24/2026 8:00pm","5/25/2026 1:00am, 5/25/2026 1:00am"
CONDUCTA,THUNDER,SUNDAY MAY 24TH,,,8:35 PM,9:50 PM,avatars-zz2bXT04Xc2aEl03-IV4rfQ-t1080x1080.jpg (https://v5.airtableusercontent.com/v3/u/53/53/1779400800000/XmF3_lyaHW9intE8N-7G3w/DT1hdbVNDKAnIXc7RNOSycMud88PdhasSStFONEwAbA5XfQrZ_wSSoojzlsMOUjnjFHhYPVEd9sGwFb989U_cTnbERoDst3Sjo1ZXopSp6-qpVQWmjLpz-b26ngJBJH4lj-aGFz38nCUtffdjoeYhs3WeH47_FKoxdq1KWev3IW2AA5pGJwlehoio6tiN6UTIfpt5chA1iuQBElAX6EIXw/luirP6KgUm605aa6OAn4HDvr_uRw5beIQ_mczpXK_xo),1.0,CONDUCTA-Greenroom-GR Trailer 9,5/24/2026 6:30pm,5/25/2026 12:00am
1-800 GIRLS,THUNDER,SUNDAY MAY 24TH,,,"6:05 PM, 10:30 PM","7:20 PM, 12:15 AM",Screenshot 2026-05-12 at 13.46.56.png (https://v5.airtableusercontent.com/v3/u/53/53/1779400800000/4CBSYzDm4VNNvjWb9uG_mg/sH8_NN3uDGvXqkwOxGECMxObuwWZwvB3Mocc9_weuxqB6-8GiawNe38eYhvnKyyJbi0MXgb2KPqSlDSYTeIjPhLM080tGtKmaszK9b95BfIg4dJtZ6GeCz3HRd9wOTfgOhNMpbSvwAFs11-W2vE1gdPLIVUbmZDMvVmjpoj4PBQYQgtXugCJdXeMAN4PiMUf/uc_IYK357pq5Swt4TGR34PXQN7aOChdEuMWcunz9-nE),1.0,1-800 GIRLS-Greenroom-GR Trailer 12,5/24/2026 4:00pm,5/24/2026 9:00pm
INTROSPEKT,THUNDER,SUNDAY MAY 24TH,,,7:20 PM,8:35 PM,Screenshot 2026-04-02 at 3.21.50â¯PM.png (https://v5.airtableusercontent.com/v3/u/53/53/1779400800000/qdLuLkiX9gJyU1CgrNw-AQ/uo4wfhuPZ_DW2eUi5EmSmNYNZE_tepp8Vd5d6hp0kdIDHk10WRQ6UxFKbv1ExOcRymXMFn_t5yK6P0_HbzH5nuX5J9Uedyj4C2G2CNAPvoit1eLU3lCuKzE-vQafsnMTRT5YBRYiuZajg3U-4vFZ_FgbEGTz7GwBmoIXNmz1A6kAEfr6rV2k4ozrUz4YieG3/GEgqOBoqIOcn1vH1JynlEnMDedXiK8yEKytrldn17Ic),1.0,INTROSPEKT-Greenroom-GR Trailer 8,5/24/2026 5:30pm,5/24/2026 10:30pm
CARTRIDGE,THUNDER,SUNDAY MAY 24TH,,,4:50 PM,6:05PM,Merch Shoot 4.jpg (https://v5.airtableusercontent.com/v3/u/53/53/1779400800000/5y0ep7mc080ugHVUs40oaQ/h-EQe1X191Li3u5Co51tnhFL3Pkxa5kg88n4pzw273nEAZ61vTT1hw3u9RypA5BlAH_tAA9s0H09ObTwU-euHa4lEP1h5xEoznW5sYVzLKT3Fy6OcDaPm9yzDlchpj0nlbUqeg9FdWvy2P_nCyvdhvJqBWzUbwdgvQtjvcqoQp4/-liMvPOwCPG111Mvq6BmXhOEmNwM4-2tPH2y1gOgBdQ),1.0,CARTRIDGE-Greenroom-GR Trailer 16,5/24/2026 3:00pm,5/24/2026 8:00pm
THE SILK ROAD,THUNDER,SUNDAY MAY 24TH,,,3:35 PM,4:50 PM,TSR Press Photo.jpg (https://v5.airtableusercontent.com/v3/u/53/53/1779400800000/RjpdRtgIndzK5mBZo1RNVA/Ut3ZOPVo186-BB8ULubjM83cT1JWVshl3SmnFKI52waI_LpEmta8euzNRJV7IUGfuEwh9CBBMkBeekOTGT6piqMzyVhsJpcguTwb6f6kIESzDjjqu7vddaPbtaXJHjRZaSj3IiNlDprddGRUCi-LLyYIv2uY37Cp8uN64DUuenw/iR5V3S1SDeE8aEKlB-8378E9paYSr_9MHd0ftM9vf-k),1.0,THE SILK ROAD-Greenroom-GR Trailer 17,5/24/2026 1:30pm,5/24/2026 6:00pm
JESSE BREDE,THUNDER,SUNDAY MAY 24TH,,,2:20 PM,3:35 PM,21557937_10154906686756680_7177010179819832863_n.jpg (https://v5.airtableusercontent.com/v3/u/53/53/1779400800000/W-1F60FLFD7cEs5Yzjkbuw/gMBYed5sKzgyElDA7go5CcPXq_rxk7JvoDBi2PfqXEjdHQAuhla4-JQGqbHkTp5tX4miDsyYfSHwZ5KnYRqQ6OP0co2p-R7iJ_NZBrYAeFhR3WEmpE2VatD5FcSq6yZA744PwJTZIOX6CtCwVLCe2KhukzEZJh3uPHT73J7B9-Y0suwB7lQQcfhbzCrpfuJLjM_ghBpIAJfDjVKBULKM_g/hxmviQoCxFi4ts3WI_qlZyPbkRsET1MdyLrUrN4F-d0),,JESSE BREDE-Greenroom-GR Trailer 11,5/24/2026 12:00pm,5/24/2026 5:30pm
HOT SINCE 82,WOOGIE,THURSDAY MAY 21ST,,,10:00 PM,12:00 AM,hot since 82.jpg (https://v5.airtableusercontent.com/v3/u/53/53/1779400800000/wd14fGsN4uT7HgL91EP_Dg/Jc4Npq2zChDUHuZCu-uOnel-wWu3jXy5J7NoHKDo7dg2uCioUdErG9Ya96FKcCnmhuj6GNfv0ZRDposRO1xzCo8kqRT8619FUZ5xp4n2yRYwCnCJJIQ7EtfqBoPy_7X1WOupbD_vqQFUKISImZT9jO43w_3Sxewqh5VXP_5VMpk/G4SJ_Eq6oe9cteFJuNjFrwtKgRlhoK70UxZ3m6dWm1s),1.0,HOT SINCE 82-Greenroom-Woogie 3,5/21/2026 7:00pm,5/22/2026 1:00am
LINSKA,WOOGIE,THURSDAY MAY 21ST,,,8:00 PM,10:00 PM,PRIMARY - SUMMER.jpg (https://v5.airtableusercontent.com/v3/u/53/53/1779400800000/EgjrcbqFZXr-XBE8qxdV9w/GNIyoIs9NX8HkmllJ6fm5mDzhqrZX0DK6feUocFI2j3jyUVIUKrGZ_jje3zJZILzhUxa5ZdjYeRr2gm-wYGcGmjVeol15Fg8xe_lSQqsAuaqrOg35oPSX2zJtaNoLaZZg8QzXI2YPJHWnIjRdjoxUdl-s8KYsK2GMudripzBGLw/266g5YqGHSFg2dfRc_AFSrEcQKcVkQLfSFb-peXT0oU),1.0,LINSKA-Greenroom-GR Trailer 15,5/21/2026 2:30pm,5/22/2026 10:00pm
DESERT HEARTS,WOOGIE,THURSDAY MAY 21ST,,,5:00 PM,8:00 PM,DH2025_0417_183025_01431-Eric-Scire.jpg (https://v5.airtableusercontent.com/v3/u/53/53/1779400800000/EMWdSFMbfgEQLpVg7JMB_Q/mMQ3pMlU9qObi3ezahRJJ6PS6ZaSPTSVj2r85mZeYZkEX8nlvIAuazze4vqRBeVEklyxlh6wB3SBhryGSMFBibezKHR5rxBg5Yc7krWDGUHhmdgYp5uzyLgjoej_51dKDnIAFqStmyefCwtbLd800zrl9YC8y_0_XPvezoKmgAor4RQ8RnrJsryTHqjRNvp85jlC6sEcNHRv-HdIqQ7mgg/UZ5q8nC5KDAGCh71uW3lmoI25XRalQtaXFN3vugEu1U),1.0,DESERT HEARTS-Greenroom-Woogie 1,5/21/2026 2:00pm,5/21/2026 10:00pm
GIZ,WOOGIE,THURSDAY MAY 21ST,,,"3:00 PM, 2:30 AM","5:00 PM, 4:00 AM","GiZ_2.jpg (https://v5.airtableusercontent.com/v3/u/53/53/1779400800000/8dJjhrLmHigC9UWd3aDAQg/_BP0DUBdWavyHGjt-lZrhlSKhHT9H1cQM54mI0NdaKwC8xqv0ochshTyfgYLwl78FyNoIEebvlFedC0GqLkRnwIUNpvXGLBuqsGtgVbE1eVG_lzAa4RyD_Fe9sN4toSoYaPTzqWx8hdrgZ2krRriwTPMxV3XfHV1sWt2Pr2OMrY/_tocOkbMayKzIXftJhBNiSDbSPbEnQE1bvHj5kdKAsM),GiZ_1 (1).png (https://v5.airtableusercontent.com/v3/u/53/53/1779400800000/CKLum0k-q1JgIvMEw_vMZg/LkgarZBC92Nqvi8u5rsOtMt90zSPtsjAKYm0o2vE5SaPnSHL6pCkwOVJvmrtBjThZfFRBNCBZjaMHBV-bUhAZMsNALtw1nHlfwfmEwrC2uA2tHig7OyXwUE4hsImTdo2pkpmgIyMPaB8--NuscyQs562rIUncTkdqjAthyykA_g/xpuowDcEQYkAz69SU_0jaPfuc3UvP4qnsw39d1FaAHs)",1.0,GIZ-Greenroom-Woogie 2,5/21/2026 12:30pm,5/21/2026 10:00pm
SARA LANDRY,WOOGIE,FRIDAY MAY 22ND,,,12:00 AM,2:00 AM,Simonsplayyground-082.jpg (https://v5.airtableusercontent.com/v3/u/53/53/1779400800000/xW_arLW23jT0myxC7nA7qg/D6lEnOkqje-jlKgYN772q6x4gjm6APf_fxy63W8seJhdEjjRX1t6UZCy1xSA-Dc2u4Z8JFCdTuwM-VvqPK2PThzeHZQg8tVD6Zrz74JtTBVfyOM0LlgrLOHM70rGcyPUcxqXFg7XpbOLKG_dus5H6tfT_NvAwhphRwGpvMFS5VdyobVADy6NP1D2MRTMlhGh/RG8I_QBMDTF_WjXIItMo5PohCMFRboS0bmDuyMux8e8),2.0,"SARA LANDRY-Greenroom-GR Trailer 18,SARA LANDRY-Greenroom-GR Trailer 17","5/22/2026 6:00pm, 5/22/2026 6:00pm","5/23/2026 3:00am, 5/23/2026 3:00am"
EFFY,WOOGIE,FRIDAY MAY 22ND,,,10:00 PM,12:00 AM,Effy-14.jpg (https://v5.airtableusercontent.com/v3/u/53/53/1779400800000/JKjUxme8_FktZxEnxnCG4g/1BfbZVk4trbT1K_hYeQLfPjkykQnRkU_EkL24iyMvTRx58It4GIQXW4TDSQXwiRNX2fPkA9MSyyhp6eRarZv7cszCNG79RkvJwmuOUucfiU2a7Yi1Ih97sWYf4SXGhbpgKYtNJvTHJqVoySfXbIWS4sJdkMDBqGIzcQ-4ALaEF0/xDcTBGS2tkF_roIK8BX-3S5bMZ3y-rhGip65_rHaQHw),1.0,EFFY-Greenroom-Woogie 2,5/22/2026 8:00pm,5/23/2026 1:00am
DJ HEARTSTRING,WOOGIE,FRIDAY MAY 22ND,,,8:00 PM,10:00 PM,LEAD SHOTTPro-Capture One_DSP Profile Pic7400953.jpg (https://v5.airtableusercontent.com/v3/u/53/53/1779400800000/kiCNUZrsR19KIGuOFAt7Zw/3Nbsksbwzc0JjVfOEraWGkr8hlue2qcQWFQ0EghLlensqs7nXJhhk2F9VS1PouVJE96dR7MMst9nV6kGfQCtSg6OXKJeim15wxIDOaW_odRlmWYgGDX0bRzKToqZH8MlOa3tyI5g2YpU4bbMcH97LWhfFYyrl6QLeKjESgRbzwdGqIZ4EltlkbbKDj47sdpKxuw_rAeA2OxclaXS6h8-IQ/7rHcekTwL9v3w90KigccSlovXtpTVqvbCjaI3azZaEc),1.0,DJ HEARTSTRING-Greenroom-Woogie 3,5/22/2026 6:00pm,5/22/2026 11:30pm
LEE BURRIDGE,WOOGIE,FRIDAY MAY 22ND,,,5:30 PM,8:00 PM,lee burridge.jpeg (https://v5.airtableusercontent.com/v3/u/53/53/1779400800000/VR-MEBUfGeIUHYmWQEJvhw/GdAAWwcSXMCPgIeyT0sLAF2Gu0uhBIzqlDdUVGdxMNGPUBU7wBbbtkPGasD5iRiXieB_xtHV4caVDrzlHx2hJMUel_Owey6CWNqTH8EjUCnLPtTpL9AxdEEOATdJcv8Acp-sQhMZanjzCAa8mwa3fskSLlIvTRbSlxJ-DkyChNc/V_UQNzrHeiXWE6XBiTggM2QSplrXb_eOuuQvfD3Pcl0),1.0,LEE BURRIDGE-Greenroom-GR Trailer 14,5/22/2026 2:30pm,5/22/2026 10:00pm
SARZ,WOOGIE,FRIDAY MAY 22ND,,,4:00 PM,5:30 PM,IMG_9040.jpg (https://v5.airtableusercontent.com/v3/u/53/53/1779400800000/TEcZdQPmBKi3joXi2lLzqQ/33GnILJN_apKorQxj991qkMC2r_fH-VJKHZDNuhLXYBNv7Nsh042TwebNx3nLnNzAOh68t5MmiKvCM9KPttwWL3vFHLq-yIFAlF9VccP2vdkI4sHSoyddHBpfVrM8MDam15vKNli7C2dK8GxyH0PXQ64F99uTsm_ptAtWWPlSZY/f8udELt0eBIJLMglIbwxiA1cXdlRNG_J_DwfCgkmm0o),1.0,SARZ-Greenroom-Woogie 1,5/22/2026 2:00pm,5/22/2026 7:30pm
EREZ,WOOGIE,FRIDAY MAY 22ND,,,2:00 PM,4:00 PM,Screenshot 2026-05-12 at 5.36.57â¯PM.png (https://v5.airtableusercontent.com/v3/u/53/53/1779400800000/95j1evOy1n2RefOmbkIS8w/aQHtG7vi5j8NMoNfTBJ7AgI_P1wUqggHkqqAdETVpq54WKotHxhYgI58WBQQDRCJQOefExDuTVQ_MGfLVMtjVDS_6i3OiT2bNQZ4-82mCIGRFI3EcGPWbXlyyPralxa40N96ICL-20A945VfVWLuEtgqC5bgIPEK9OV8ycI0bY7OtljhSGq5eBOoJy9GlQ4C/qHSV0iqEWYM7A6W2IMgdfZg2JpxrViC8xnDBO1bwoKc),1.0,EREZ-Greenroom-Woogie 2,5/22/2026 3:30pm,5/22/2026 6:00pm
AMIRA,WOOGIE,FRIDAY MAY 22ND,,,12:00 PM,2:00 PM,b30fd5a2-28ec-4737-93e3-97ed55900884.png (https://v5.airtableusercontent.com/v3/u/53/53/1779400800000/ef0MXIqPO3bpe9S6s-HR-w/NhczueQeWQ-vMJ31uHfNj4E8yXci1YGjPzURcq-l9tG3-Llh80DJhfeV7SVtx8e_UK4LZQpp1OpBc2Rn31dMGcwIy9ZvrXMdvWQZ7ht1JrbeFIbpJztTABHRBPFt5InyMT2yFfrQxST0805s17abyHrxVkeCIZoSa-7EJfAXTN7zEs-vapuB5XYXTZxO1lR2/IBAMCp4qPpDwtO6ibIcmw5Kbj8fK3dbKVW4Woy4yJ4E),1.0,AMIRA-Greenroom-Woogie 3,5/22/2026 11:00am,5/22/2026 4:00pm
MACEO PLEX,WOOGIE,SATURDAY MAY 23RD,,,12:00 AM,2:00 AM,2021_MACEO PLEX_Press 01_golden.jpg (https://v5.airtableusercontent.com/v3/u/53/53/1779400800000/FvApBY7bWuvIphAj6ELwwg/y58shAdhloE5yQjetJGN9sU3z7TLHGiaV9IM04SuOPClDcjmjmKJpXl3KPJHOfHVyOAxXgVk3gbZ4WVHqHNexUpGFfuEpwEnqHSakO2fIxudJCi-hcYeaPdOHXpLfFlLAR__4pTLhnlXxbRTHRMV9DosUOrrXONeIsDpkT3b6xp4Qmda-77sF2N3hIidh29W/kvK8BZJzSK0HZRGXbyqsBMP2iWkxZEEwMXiJzrFEuqo),1.0,MACEO PLEX-Greenroom-Woogie 1,5/23/2026 6:00pm,5/24/2026 3:00am
AYYBO,WOOGIE,SATURDAY MAY 23RD,,,10:00 PM,12:00 AM,Screenshot 2026-04-21 at 1.50.44â¯PM.png (https://v5.airtableusercontent.com/v3/u/53/53/1779400800000/MIhfnIqSgPOEBhlmH-IPiA/uPFLyK4ZqzW_-WFxxbfhch2O5PzR8rlUDsjlo1YDe_VuGf1lhooWti9nc_CcrCT0rol9yJZiFsXTh884AZv8LNb8WkoBsXUNRq1q0TjTBczQLxKbTQGyCiYF7GDj6Sda3zeQHcqY8AhcMI0X43YcHPMhf3uraW08RZAFm6Edo5tidTNGpjqh_tJ2W5GAaVU-/e1RmYJpK3t0kfnxNAsTZHFd5YFKYnS5M9VskyG4C9HE),1.0,AYYBO-Greenroom-GR Trailer 17,5/23/2026 8:30pm,5/24/2026 2:00am
J. WORRA,WOOGIE,SATURDAY MAY 23RD,,,8:00 PM,10:00 PM,JWORRA_R2_DONS4381.jpg (https://v5.airtableusercontent.com/v3/u/53/53/1779400800000/SY1EK4jQnu8VNAyksvKpzQ/nWEWNw3lVFtItBeGVQcksEZwqAk9QqAaiK_Tw7zD6SNZ3cIzAylprxWFUrqhSADbUnytUDeI_1fHLm8bsjVRAMKGEt_N7bJolILqjTHs8rblgntiiMOYTAwb-A8-qwgZboEl1JAcLtVR2YBv9vNgJmALSYwWKUHf_3Kc6c1IqeU/IpkDhLqrlG7jV5BlUVS371LRDHazeFVb27FeRr7VgcA),1.0,J. WORRA-Greenroom-GR Trailer 11,5/23/2026 6:30pm,5/24/2026 12:00am
MARSH,WOOGIE,SATURDAY MAY 23RD,,,6:00 PM,8:00 PM,"Marsh-2025-DM-9904 Ben.jpg (https://v5.airtableusercontent.com/v3/u/53/53/1779400800000/1xKpTKxsF4LjQUrjSnbI3g/4MFgmNKeMfJUlxImA5iK_mEDao6yMs25sAyJ1WOfkuZodPMUmxNlTT9q4YOExCnRImELS0GvOWklPFCMMTGjAmwD_6qi07VKOIU2pIzgUIXANCmoYnvlQ0e2EU7tVw_0L2SXOQNleH5Er-y2Ky1SiMbh9I7s0KgpvDGxZzfilFV1MLA56eDRALV2WjNQtGg_/eKGwte-17ktm0LC2rkg_eVl1COu52sph5arhTxJPR7Q),Marsh-2025-0857 Ben.jpg (https://v5.airtableusercontent.com/v3/u/53/53/1779400800000/IoYHHorA5PmIJwybmo8RVw/ZZnNQQTWovuFeqkXbevWRvpGIHlObD5RyyqddaPt7AJ5jFX9JVaZA56PEex0Yamge1AM-hB1hI7YyiwVGvQOM1mUkhE5tyVfEG4d0eszca3pFbaASbLOJDqWCg1o02VD2ul7p6iSdFxHlqe69Ljjw1T78ohiqpzr1akj75q8UyM/HNKLrGSRRs_HiEayn1nkmN_ixYZJgeDlLMP1T4_Z9B0),Marsh-2025-9068 Ben Crop 2.jpg (https://v5.airtableusercontent.com/v3/u/53/53/1779400800000/NqoAAcv_tv4KcBTsyhRZqg/-vVk_uZjBULDFeFavzKwtXC7w8S7jeBPs3C8bbBmQFhMO6-TMBTwHxMcQUFA34CDk8njMr1HDeORaGhlqYBvdxk5o94TSZqdUZ_5F754ZIvAYk2e0ORmovEsHNcN1aXyhVj_2nv6jiE1L9m3tHXGjq1TzTGF6UDqZ2WmSKBMperhoPU_XGN2vI1Y-0SF1Jqg/sDEMfvd8dOCPRETKjfmTOSpjHDMCIa2xT7uvH80p98Y)",1.0,MARSH-Greenroom-Woogie 3,5/23/2026 4:00pm,5/23/2026 10:00pm
LADIES OF LEISURE,WOOGIE,SATURDAY MAY 23RD,,,4:00 PM,6:00 PM,IMG_9056.jpg (https://v5.airtableusercontent.com/v3/u/53/53/1779400800000/ANjG5JE4UxhaCa1eKVXaUQ/Wy4d7IF56ZLYWqgjfE9sBavigJ3GHpp_BXHvs2Sku61l8L-Alml62CK0Oy5-vC0fJKK_QwoC2cwFcETLS9epGvxgx2lQ4XqNoxqmTgoCRqKgHAKtPMLrjR3QAuqu47EGR3RbYtonuck5jQBA1163tqwuzKQ-eYzLbByQQX0tdfI/lqaOMcsHBYW0KVp5QK5YiBtLX1naVH7MiFcOE-FP25s),1.0,LADIES OF LEISURE-Greenroom-Woogie 2,5/23/2026 2:00pm,5/23/2026 8:00pm
BRUNELLO,WOOGIE,SATURDAY MAY 23RD,,,2:00 PM,4:00 PM,brunello.jpeg (https://v5.airtableusercontent.com/v3/u/53/53/1779400800000/0gb3O_OvtEgIdYyVKyGb_w/MMle9xovAYjPz2bS7wgEhcRwi-smuKftaklb_QL7PeTY3Z1NpGmDzqMfbm3k3MF-3IOqXwwwLnL8vLCJdvVi_OM-m9CaW5RTmFwpNTomRc6PFbQLcDemZgNKOhrSl-L6YEUxO9y2eQ0lFyloW9N5N_wZZAUWT8GjUTjRIh1wuGs/L-QUnVjYyrcmdSdA0AAIS_R0gdItccNI5nJGCud08xo),1.0,BRUNELLO-Greenroom-GR Trailer 11,5/23/2026 12:00pm,5/23/2026 5:30pm
RICHE,WOOGIE,SATURDAY MAY 23RD,,,"12:00 PM, 2:30 AM","2:00 PM, 4:00 AM",294A0346.jpg (https://v5.airtableusercontent.com/v3/u/53/53/1779400800000/FPh59MsQc5BlE2xhDmbHAw/ZPLmMFl8MN3qqNTWmbL0G0Ke1RBGw2615DNYZY944ycWy6jAbX9OVDhIADUgQ_CCYovx3D__CUJNsIyq-J-DMAG0vjA9Om_TvtK-2k80YbZQzgpHV-03-vHhVcb4NVob7lkA7-1YN2gNc7ncTrpcPk4dLSpO7fIpPapppbXDgRg/FcZnpo_CQFgxbbcM9BXPYbbDDy9avxaGt-LYfqVuR44),1.0,RICHE-Greenroom-Woogie 1,5/23/2026 11:00am,5/23/2026 4:00pm
 AVALON EMERSON,WOOGIE,SUNDAY MAY 24TH,,,12:00 AM,2:00 AM,AE.jpg (https://v5.airtableusercontent.com/v3/u/53/53/1779400800000/eLPBdqhLCL60Qd4kd_kESw/tssqckLd2zItKGIo3M1JGsHi1OLVljHw0fSbYPqBp1zsXNayl1jSwELEJcZvUK7gXtMV9McOGW-QJBjt11pUuilZeSXwswZT108MADiXti4bf_ZNnvEU1qO_Kb8_1C0_nhWmOkti9B_KsdEFRgG0ow/IE3x6l9fcZ1ELX69ERJQHQK2NllkwGkr9RvljJRb6fU),1.0, AVALON EMERSON-Greenroom-Woogie 3,5/24/2026 10:30pm,5/25/2026 3:00am
TRIPOLISM,WOOGIE,SUNDAY MAY 24TH,,,10:00 PM,12:00 AM,TRIPOLISM PRESS PICTURES X JONAS DIESING 239.jpg (https://v5.airtableusercontent.com/v3/u/53/53/1779400800000/CFrBj-VCIHgfl0WUSB1buw/NO4MheC-PPsbx-b9j_t4-W8FshBLKfdpy3aQ_mQr4RP5plXyerhzRucvPFFWADsBPOAb3w-sBf8Mvcqk3IC_A1ejkG-Shqbk5graREAv1FSy2rxOMYqu6Rja63Nw5Z3QICAxDXL_GCpp6T1LthaqSCxzntgPn57mRDSb1E147T9aNOxMKdYnF_VfKatYD7uHzLde0F2r-yXeh5m09k9b9Q/wkOz9haolq_WO8sGVCTp7lDASTwQcyrHppTrvkaC1Fw),1.0,TRIPOLISM-Greenroom-Woogie 1,5/24/2026 9:00pm,5/25/2026 1:30am
JAYDA G,WOOGIE,SUNDAY MAY 24TH,,,8:00 PM,10:00 PM,Jayda G (1052) - Joe Magowan.jpg (https://v5.airtableusercontent.com/v3/u/53/53/1779400800000/9nr9DhWTVTZ5YYKKbW8L-A/ZWq8GqGny8g8eLaMTBbDtBnHRCpBv8-Wpvne_mYsLWjrOJOQz-FRDhs_-0c0G6AqkDSrijNYon3puvCuy5-p-LFAYludjvEs5k3UAB8hF2RGNKUhye0NdD7W7_RlpYMOesLfewvXDmaE0e0_B6IAokBFcHOWoB4IRyMIJTFYVaLmSHsj1hQ7KgRj3IQi8vhT/K0esrtpe5S7bhi4Cm30dtLT9n2Z7Ts28lIfiq6RPdWg),1.0,JAYDA G-Greenroom-Woogie 2,5/24/2026 7:00pm,5/24/2026 11:30pm
RODRIGUEZ JR.,WOOGIE,SUNDAY MAY 24TH,,,5:55 PM,7:55 PM,Rodriguez Jr. - 198.jpg (https://v5.airtableusercontent.com/v3/u/53/53/1779400800000/dKynLC-q_I2VlypOE1qpCg/jg4r0bf41xAbTN-QSQc3yndTvkKZ-uYRKrCgd_g1h-x-6JrrXWmLBU5vWpK4ftZfWsAKQVpdbXcccXN2tDculKkBH-6BJNwVAfMg63yTd3AEWX0BnhZncU04F559tfgyYBR4GlSiaG-59e8Fc4s1AFJnFy1XKnEn8lepqFe5NJY/39FQZ3ojY5jpNY6wGTOm9BNfDByYlRDvuyY0LJ6z8II),1.0,RODRIGUEZ JR.-Greenroom-Woogie 3,5/24/2026 5:00pm,5/24/2026 9:30pm
JAMIIE,WOOGIE,SUNDAY MAY 24TH,,,3:50 PM,5:50 PM,Screenshot 2026-05-12 at 13.51.28.png (https://v5.airtableusercontent.com/v3/u/53/53/1779400800000/mgeDOJu-AadonKGDWNb0Vg/oBpHzO0vKF8oJYjWEizycO7pXzkQNOtGryGk00S68b2CTe5K2axcZx6x1YZCxyPQ6wUUowQ-J5GQLsGwRZiBo-_PDuU2FfxaiavX8UAIVstFBLv9ssAIowUUcF1rrCfCEdcWLkdoNn8BBVE5G3thc-gSEKqeZaCa-kzv7cw8CiGaWGtI0SyVMqpJEP-eZdZ0/d85zA9H4hkp6Xna8pSnGFmyRb7RX5dQU4Sus_TAmTjc),1.0,JAMIIE-Greenroom-Woogie 1,5/24/2026 3:00pm,5/24/2026 7:30pm
SWEET LIKE CHOCOLATE,WOOGIE,SUNDAY MAY 24TH,,,1:55 PM,3:50 PM,RonnieLoyd-SLC-8 (1).jpg (https://v5.airtableusercontent.com/v3/u/53/53/1779400800000/vLXInekI5FvoQIe73ovCJA/V2DKEUVGQfsYzLyMV1AyKtlePHqdw1onKGL_LvgzMwhjSXqgz-JTjnrjSW6nrNxw_fQ3jhMewToM-0mv1OjqwLhRkUPrLWWpNqaod_n8VI1cq8qMCW0isyPSDYucTJ0JQyqcoJFb-8t-OCZLMYob69SeWd6a8lk-u8gxfx4F7zE/-okdTXXK_uKPxxSXlOeELExt_JcMLwYwJk5oIuNeWLs),1.0,SWEET LIKE CHOCOLATE-Greenroom-Woogie 2,5/24/2026 1:00pm,5/24/2026 5:30pm
Ksenyeah (b2b Manguito),WOOGIE,THURSDAY MAY 21ST,,,1:30 PM,3:00 PM,030.jpg (https://v5.airtableusercontent.com/v3/u/53/53/1779400800000/YLqeXYaJpyM2UFYPvB15JQ/7CAhE9rS_TXNKTtNugMxxkEsD6BOhWbhxYUZwDBrF10dZCl3RwJteOVDNUMmDlblhGY3vAkS919FLuovo3rxriD199YBaqwnh9qvNVcsYiznvuZojyrG8cato-Gr6S4ouuG_KoS8a2KA6YmicfxXWvyUPanAP3Fvmn9hN-RH3D4/LXgJ45-lbqLsGfDVMdrv2PYD23H52twRd09gXalGu6E),1.0,Ksenyeah (b2b Manguito)-Greenroom-Woogie 3,5/21/2026 12:00pm,5/21/2026 5:00pm
Loud Flower,GRAND ARTIQUE,THURSDAY MAY 21ST,,,5:15 PM,6:30 PM,"IMG_0900.jpeg (https://v5.airtableusercontent.com/v3/u/53/53/1779400800000/Ptik5EfE2rYtH49sNTiI2A/PYthAj8GyCIqBWdFalvx2ZiEUIXqvMz4YevDPaQuIJmqSZqkNLVcAQPPbOGJYy6gh688q2jkn9hsrLj-Qbp7hU_8437leUj_t-aiK0V4j280dgr4Bzyh0xeXHzM_cyDYO_KzO_aDY25PnG4EApq0Tqf8y_U_wkaSzwoHdknZVgs/2PFdJRDhL3tO-cgAOQFm-RcaHzoVT7f5-CZlVPRyVbc),IMG_2083.jpeg (https://v5.airtableusercontent.com/v3/u/53/53/1779400800000/9FN61Er_F-5KfcOa7MaQZw/cYtECorlpcyBqzV7SMARd8Qu2j1GsKrkCO76gsCIyRt_EWyUm57hp8Fsm_pkmeoIOdOyKu8JWNAi0fTkKFpVP2u_vmFc3k8k4RapoFpm0cT_g7v8ZOzG-uTidYB7S8D9x3Nb-QdzrONShoDTtzOi6LBD-M-3Rr3w8WgyLosWHY/MZW8TuQZ_OJlufWPd5VGuqjYSbrR_dE9i1VBsxjO3lA),IMG_6368.jpeg (https://v5.airtableusercontent.com/v3/u/53/53/1779400800000/qUpZwHudul7TF-Z41NHYOA/30ZHI2Pfbadp4Yghc3y0gzDaApt9qHsnsQK80cum51O1Go8dxlHaihi1zkJBT2wAXMo1-Ax-XinhxiDoAzVd2TV1475-6ecUZveI4T0Gp4wf6R2zbkxlctflxSe9WS1wJxafNAfOtBFb_447JJhBJ8VIrnGHuyPHupMWtXIzNoQ/ybvjHT4SP7outG19J8AV7w3UzUfAtQI6WN3CKrLVaAA)",,,,
Yemanjo & Irene Rosalia,GRAND ARTIQUE,THURSDAY MAY 21ST,,,7:00 PM,8:15 PM,Yemanjo & Irene-1.JPG (https://v5.airtableusercontent.com/v3/u/53/53/1779400800000/iCA6_grfKXrDuogZX1_UDQ/qKxB2H-szlMPnlw7kLxEoD_NRxkoS4a0Rn8GV9AZ3-kYrP2TcDTf0p_ktkaG36u7Wwr6Q41vdboOUdQ8GqiikNRtp6SHu3qB_VN8pJLs9BZdZuT8Y94ZPXYf6MrU38G_lddGwx4RBwGhnl0zAsKXv7aK5KSgNgUCDRwqH8HJFYU/BqDaEY2zKegg29yxlVytr-ycmDWc2EOd3dZKcP6tF3s),,,,
Elysian Moon,GRAND ARTIQUE,THURSDAY MAY 21ST,,,9:00 PM,10:15 PM,01_EM _flower meadow.png (https://v5.airtableusercontent.com/v3/u/53/53/1779400800000/uTcCRzLv7fXD6c5KxFOk3g/sGJdMfQrEbYZo2CbAqQfaPOvLh_bL4L0b33lmx8FuCXf3g1Au9xtpgoInNhS9kEJMm-glssn4nW3BTY1GSEylBoH8N10hswVmOnKM-v5MYiAVLsocz275WHYbt8G4ce0gYGrE6kIJ8TlSo7YkPaHkdxUpDov7c_jDwRscRBS2ik/O6iDv6M2j3ZUrZXuVCHWh-__8Yuv5cB98f-eA6jB5-c),,,,
Afrobeta,GRAND ARTIQUE,THURSDAY MAY 21ST,,,10:45 PM,12:00 AM,©Duque_Mendoza_DSC04807.png (https://v5.airtableusercontent.com/v3/u/53/53/1779400800000/IwLWPNqJ4k_KQu9_RM1i_Q/ugkq2vaw-5-i1EFF3YkDu3f3byJv9D8Aog-6aatg5iz1q0GHLWXg6sboJOoFF2bsAiGVtm1TlI5XyyAtmKpS9UxPKsMniPwQ0fnmN8skU-ErKsomb3lYEyZyEySbdh05lUaeS50YMzuIjT4dQIltDgEKA_bDD72SRf5zqUw9-bqonOZxnspC0EFfBCkCXI85/jBp_Gc0pB7PGxnTnP28rUPah3XML9L38fJDGSBX4ics),,,,
Moondog Matinee,GRAND ARTIQUE,THURSDAY MAY 21ST,,,12:45 AM,2:00 AM,IMG_8600.jpeg (https://v5.airtableusercontent.com/v3/u/53/53/1779400800000/Hr3_FpWCdgk6Bo99_daGDA/AiJz6Fm5qPieG0SM6orgzGHI5_e2wmBMo0rO3DKq_C3VysPkV2xz9Q8SCgwmETCr3Yjh5fNaM4UKXgUJsLNd_hWnWyg2zjwZwbrYm057_FoeXgtEzRBT_h-FczEqmsREOol6qGe486Czu824H3QH7mmi0xzdBuDJJW93pNJ1iQY/Jfx0uIF9qcA1OllTZonU2F3pUffLakOKZdLMD81WjLU),,,,
Public Works Dept,GRAND ARTIQUE,FRIDAY MAY 22ND,,,1:30 PM,2:45 PM,FullSizeRender.jpeg (https://v5.airtableusercontent.com/v3/u/53/53/1779400800000/sXzjXv5rVuIi6OHwjwk2fQ/t0UGSaxyp-BjyKmQ2gKHxJgRGTSFT0YpRbSM314MQMMttlTGQfL-a1lr6H8MucBj5W1apBEiSgVeS-8uLDCb2BxTH-cpPAcxmbQQM3kxPR4WisauxbWJJgKLhQDX-bUQmVKaT2b88KhKFa-M6ZpZGQ5BWsSEJhTdz1LXueqsfBk/6-exywl8mlVkHNL4LTPQUhrJfcXPK6RVMCq3wZ5ojUw),,,,
Lily Fangs,GRAND ARTIQUE,FRIDAY MAY 22ND,,,3:15 PM,4:30 PM,Lf X J Lib 1.JPG (https://v5.airtableusercontent.com/v3/u/53/53/1779400800000/MYg5ptvNrxiwj4o2r8A1-g/5GrFa2quZAZzl0e528CsFQd2Ycg8LMpp7FQLoB5aQstvWedgphwwwLm78vqTqBqWZasb29qOUvYfpe31rUtjOimtR6qCdAsTYlUECVKKAKUTsgwcDGNHSZsiOgN3gW3m8EkrPuIEULKoK0cXsbus0Hg01utPmM4NF4--zJq2Uu4/GylcKPfh-Gr5ftMSUMAX5DJltCGj55woIgtKd3jyJho),,,,
KIYOKA,GRAND ARTIQUE,SUNDAY MAY 24TH,,,8:25 PM,8:40 PM,IMG_3504.jpeg (https://v5.airtableusercontent.com/v3/u/53/53/1779400800000/oVic0ijQyj3K9Stur1DklA/heueSCZc6qqmgCXU2oW-9bramz8wEiFhWWvWHigPyzAtvBJqahQ6fEwoyQtBkxDd4rcChTxKdPId0eAVxAwo_p83tdQKwtqQ_TdP_qJYUJd9YUtjBAUk66dxOaCTO6T0raFS3LvAfvdt7UXlLQa3SQXsDLgcIN4-kcUjtM5IdKk/2gfxjkuEmF_sIzT2gq9n6uvJNjFxDbZwKXaDdUbAxGQ),,,,
Roses Pawn Shop,GRAND ARTIQUE,FRIDAY MAY 22ND,,,5:15 PM,6:30 PM,RPS-0073--RT-JW-2.JPEG (https://v5.airtableusercontent.com/v3/u/53/53/1779400800000/sb8k0GqjrPSarIlc259zLQ/BXTk7w8qumIxpYs3D7JFVWcoESmNpryRSXWqVTgF7bgieJSEL_iQQd_aDhNPUhwhMk38rVYBWalEeyyYBGRglfPpvS-NmBa11M5yq9Fvl2s0tCfQchVGh4WThwIaOXAaCGhyZILn_QQn4bz6HnXZOineaS13zgH0Iq06IvTrwZs/H3ZKBE83FUbUBEcjlu7WTtyefNTEgHvc-pZf7cb9pto),,,,
Suika T,GRAND ARTIQUE,FRIDAY MAY 22ND,,,7:15 PM,8:30 PM,"_DSC0508-1.jpg (https://v5.airtableusercontent.com/v3/u/53/53/1779400800000/9JdgbSa00FGEEGj8ltLbQQ/TTkFoJNSkX_AYu5A_CAO2eZLpGEJVQ9cGfg1L1O-4377lr_QCr5E_6spquC_V6fPjzHxleBiCdyXb0rcmw4c1SM0U2jwL-AHnv4GHofl58zZFC7kGnuRiY1d6eaqL0CywXh7EDsa6ev3OqBattoJb3UCAQX4ujtVLB55j0Qk3wI/5fKnatZrreKFdxt4w8Yq92VdVt6oHRI23_oKM36tu94),Suika Bandmates .jpg (https://v5.airtableusercontent.com/v3/u/53/53/1779400800000/5qr_m4sTmKIqZo9lSmMZZg/u_v4d8S67lfNtTgKZPpTjIQi7jtpYw57zFkIWw_2N4tFvQ72r28gIMI6C2fcK0iYyi9xE1WEqOHkd5vKyvQ55hdb-0IX2piqhnfz6AeOiQbJ_1g81EfdQB2PENXvkzO4Lx8EKjvh70xOldP0aH1eUQvUSW_Jirqrtt2O4NNbgV4/wNhJNob5UdKSBfBz5k4q-qw15LDaUUi8elBNdrcIKEI),LV.jpg (https://v5.airtableusercontent.com/v3/u/53/53/1779400800000/5K4DhArdTKOZtvDAQAagyw/6k3DN4X47E4D7GNpOG6Pn20E2cthrkhvCyGZ50QR_iwOvCE7VXDCV8uMcIxbl0M7oe3C5FYK9rCtGMEol-mod0K-jd7pkhKTlOOoKwu5ERTr9tTxt6P1poz4l6qY5kj5iYRSdrTA5_UnV4_wGHbgcg/lCikAkHOJC_EBJ6vDWditBUQKn0mZ7HZMd0Y93uxsSQ),Screenshot_20260406_030050_Instagram.jpg (https://v5.airtableusercontent.com/v3/u/53/53/1779400800000/RVuHiK-5Ii1k-kSab7Gucg/d1P2ZdhA_OtjQQIhlMy63LE8qQ_2jRinPO_SFx5ufl8M4GbnyE7AtM4FkyBztzBHlyLtEdPYDooGpk2E2JDmvGEZKR57ud-5bmRch2jUloTIwsPWoEnW939bEMRkn4cNGoWVKEV7qwJEmJJsxfDYNHJFaiKIWQhT9ImVZAUlb62UvP7R-_W8Vq7yg0wET0kc/M7hneUebYeu0Upk_7mqlZcCmBtC4TEoFGSR_QAg-p-8),SUIKA T & BAND GROUP PIC (1).jpg (https://v5.airtableusercontent.com/v3/u/53/53/1779400800000/MKJrELcWS5CdenEax8jHjw/14n6qf2FLbYDbzdqvsh25XpYtxWIfkUIjo380OL2RWHnw_dJLudWOUv5aH9OB36R-P6fHIvPBz4fhEwk7dh53ptg9qXa4wP1zbm0biGF0VL33K59i_eNY7QRkSYt25IJ7MadOQYHXDrtZLy94tsqgG3lmnoRFTrt8cQGpl-Sh_Y/UqePKKJKdQzSWepffKlIb1qxHcIGppXHQ0S-SJ5nQfY)",,,,
Logie,GRAND ARTIQUE,FRIDAY MAY 22ND,,,9:00 PM,10:15 PM,F1781D76-338C-4562-AFA8-2B110EDECE08_1_105_c.jpeg (https://v5.airtableusercontent.com/v3/u/53/53/1779400800000/yO98oX9U4LaRpoHtPZzFTA/vkeVFtLlN9wRZ_TRS6PO7ymKf__Fam1hUAeE2HrkcrdkrQeOtbD-E0C59MGlkH-4Z1j_QbulNmlYInkt2Zeeed1YVlev5p2pkZtZ1j3f26q2jZJmdgCOOPEVRBrltJLN8mznN7fzAcX4nvJa8XgKcTX-8CgDOitqTwPoT91rqxIURgH3jl40HNAHGRQRFmzmzxFGf5hpx-QBL6UWLhw4lQ/YRXGyvNqgNPIvv2ETDaAzablt0hydnZFb9VZdhwEgLI),,,,
Sacredsouldier,GRAND ARTIQUE,FRIDAY MAY 22ND,,,1:15 AM,2:30 AM,IMG_3742.jpeg (https://v5.airtableusercontent.com/v3/u/53/53/1779400800000/dkZCpq_EfVMHBasPahZEKw/t78ekayH4dAF35FWw6_Up2p9I-jlHeMwnnr0EgqUrETPU-Ov8UvCyRCnW3UiMyl7eIp__pqw8AOi_XHF4KPDZtbxkSkD5lx4PyV8zx4TIHt0k5srOBGu29eTS2nwUKKPGLqwIayT23OafKV7Ac9aZNXsUUD2bbfr6gQjoetPXCw/oy1CPvcbr4CnD1eT8DSkuud4x1PsNoOFEgjaaiKAz3s),,,,
Paperwater,GRAND ARTIQUE,FRIDAY MAY 22ND,,,2:30 AM,4:00 AM,IMG_7719.jpeg (https://v5.airtableusercontent.com/v3/u/53/53/1779400800000/1AwksgT12n3pC5j07vMJIQ/4AvBgE8rbRY8k3kDH4KlCRinoC4aVoC0WEY2WGsJYh9DpPhXHS971kE3-8hKZdmhYR8pcMcY4zWdlfI7T0j7yOj80W-mngCZ9qF7CHAT5WaX1PYyhBTs_kBTbTlRT22Jp1SMUXQ9WyIaAzFIIhpBHD337jvkL9rWdbVMksbgu0w/I1mlgjWjh_ap0Z5pg33L7-wEtFpefLz27Q-IxwYkM3Q),,,,
Fanny Lynn Federoff,GRAND ARTIQUE,SATURDAY MAY 23RD,,,1:00 PM,2:00 PM,IMG_8001.jpeg (https://v5.airtableusercontent.com/v3/u/53/53/1779400800000/Z2OS-Q0gpgQPWwPvMpXyBQ/M76-qJROKPhCiP0viGRCxVaPk-C_rmHaVQH4UGlxWAJZlJRWAYvfooibr0XuPHwVbMh0kFUtaVyQggGoVfg3iovub6E74yufUeuCt-pFf5tAzYc9LbX1VSXxHuf1HwDAHZbX3zJzsr8RMq50wzJ7nbs2K7FpGhaFLTQBWWztW0E/3raw7meRQ-o3koWHNAH1U3DUPH9fFZCbi2IdxuTEXio),,,,
The Wandering Menstruals,GRAND ARTIQUE,SUNDAY MAY 24TH,,,1:00 PM,2:15 PM,Untitled design.png (https://v5.airtableusercontent.com/v3/u/53/53/1779400800000/6kb7Q6UZ1CrEOPuZQ8gSEw/znElKDB_Wsw5zNtV4gPK4EczAEx5jc0w3r8YaajVpIKPOfP-HaQm7qkI5ZH4Pd26To8WXwjEU81Op-JJo6bOkOXOWwCIdkCfHN5Dg6Ne3dC1fHdMLOIGZaH3ss7ZCpWiNLL5Tobv55QxSEBJs6Vr1T4aLEt8oERLscys_GUS08k/vJSswDVRhAIheq3mxbAz2mIwOsKu8Lc5MKR2ZNOcjp8),,,,
Global Brunch with Danni G,GRAND ARTIQUE,SATURDAY MAY 23RD,,,3:00 PM,5:00 PM,danni G.jpeg (https://v5.airtableusercontent.com/v3/u/53/53/1779400800000/wXeyyUf77GfPpotrKPlUCg/ZNCvgeGQoLnDvu_aodo4W7XIix5Kt8hAmYfz2T6-Mdm7MTLagY9kPs6_jdkVxbFVJaXb_B5Pk3lKqRL3K2YmANQjTjHAvJAMjAuBI7SuGc_-cpZblFplFm1kLnCiJHQFq9c9N_bEM-lE_fA1k3FMk-5NsRGoRuNAb-dltDDxndY/Dx8XcC4xCRz4DuCbpR-HPj0XwavtUQwrM4OpvJuWts0),,,,
Anna Ash,GRAND ARTIQUE,SATURDAY MAY 23RD,,,6:15 PM,7:30 PM,press 1 (Mikael Kennedy).jpg (https://v5.airtableusercontent.com/v3/u/53/53/1779400800000/pR5GxFv6mKCcMdENf7Iq8g/91g6wxYl1Dsu8vQifaekY84ESk3yrTPuGTWzXiZkRUnWbPr7CrQOp2aaTBn6-ZDmTlUp0kPbpbJVhrFHs6k9yr_cz71jQGFUBmieI5Zno5MDDSxvx0KqYAIl1LFj7v7l8UK6qSKYEvBLAxQNp_9XBudOkkv49wzSvJfcQbfgSGE/ZOu25_VgYp1IcFJD54luygEstCZKkFU9N90yz1ZJPSM),,,,
Tone Ranger,GRAND ARTIQUE,SATURDAY MAY 23RD,,,8:00 PM,9:15 PM,Tone Ranger Photo.jpg (https://v5.airtableusercontent.com/v3/u/53/53/1779400800000/dI7zLCMPDUprB5R3JL3jdw/uCc9mODjMZkuYyetEsMNIqQ_mgdGX76I5IbJgnxuByXmbP-1ONyGazeE0yQSM1m5DjlUncdg1ZdBWtVe9yeYadfgJrH7V9tnPABm20zIbtPRJFlJvEc35S9vQO3RjP2ariag5gVtE4in3kcEIDezDzF6U6hL7xE0EnLrtn74hKU/0enRzXfe34odjUWpdaGZSi6bP3IURz7R9iBIagC-Jc8),,,,
THE VOYAGER by BRITTANY QUIDANG,GRAND ARTIQUE,SATURDAY MAY 23RD,,,9:45 PM,10:15 PM,493731008_29569755099304609_2768803882719080679_n.jpg (https://v5.airtableusercontent.com/v3/u/53/53/1779400800000/nN4czeQ035upevr1BhkQOg/31ZiAYDVk9_sQkeEHHYHIaPV_ueaH_RpqOtchq3F4_RlHQnBZ1TuXrvte1dklSa1xdIIcSbuVFVf8oGZeTVIN79a4WG5yges3_b0fROteiBJvGhPojhT7PTPH4txtRQqQMJf6HeGqmapalQUOxKFn9rr6PgmNcdDVBnjZiY3HuiQA2IvGdXcaxRFRArRkIt8P-Kfz98Iyg2FMT2sZBUmYA/S7uwi-X7Jp4CjNO75xmDchHzFcrk9WhqXmJNvqt-EHE),,,,
Kaipora,GRAND ARTIQUE,SATURDAY MAY 23RD,,,10:45 PM,12:00 AM,Kaipora Photo.jpeg (https://v5.airtableusercontent.com/v3/u/53/53/1779400800000/fNQamswXrR5aqLhTmWvNtA/uGmAtk6eSin4U2uyRv34APT8tlRFMrIcjs4ioinPUY6IhhubzrPVguhWM3T4hEip5moA2fobD4PfP3bD0r7TAah_Y8BmE34uqx6i7NViSBudLbduS089B18AVwfOOglKvHNpuUs6pg7LNZHg80IJi62w07lb54aYfat94_P7b_4/m8v9omA3FQpjLP4WM739EgWq1F7OkjzXjPu73Kfjw6w),,,,
Maria Tambien,GRAND ARTIQUE,SATURDAY MAY 23RD,,,1:20 AM,2:35 AM,LIB-5433.jpg (https://v5.airtableusercontent.com/v3/u/53/53/1779400800000/8pYyuXjCc1W0rOt26M1fPA/veau6vgsBlufgiqgoY2_SvFYIFYVRuiX-Ftm65vu8IIfI62x9AR6VSahQA-SkYJqGHpgt6xokrYZKjluFewxsAX-5_WNxjH9haplb1Y7BGxc57t1cA8RSHZsbiI_xSYnJdN1XQS2ne1cZ2AjkBeYoV-EUbKD0dLo6UEh3fps7OQ/Ha16FxAla9yAzpFM0R7JqapFqD-uOuPP1FsC5G94tzI),,,,
Devyn Brinsfield,GRAND ARTIQUE,SUNDAY MAY 24TH,,,3:15 PM,4:30 PM,IMG_8482.jpeg (https://v5.airtableusercontent.com/v3/u/53/53/1779400800000/OACHWZpljWoJG22Pax3Lvw/PqRYWMPQ6Ze1G8ccsFeSb-1wxsx16YRWLmyurtIixuT5rTF0gyF0giqXh9UjAvb7hFGSRiI3tQCFzlQIeI5fd_nrvbwLuhoUMSyxlh4qNGtkqgOlJKKNg2Q4Vi9yHIoRKOrZ_Hcbg6k7ekNSlJCjx85sffLnN-EZIrJw7XhLXa8/1zn2b2XsNDfGJ6POBlfC3qPi--hGwSieftXUHQXINIs),,,,
Magulo,GRAND ARTIQUE,SUNDAY MAY 24TH,,,7:00 PM,8:15 PM,Band Shot V.2.JPG (https://v5.airtableusercontent.com/v3/u/53/53/1779400800000/TEDXTBxNbi5PdfIRGMQ31Q/2HqqSi5yT9jmM6jAK5R2wqTO4R9VOu6eSWeMmgLiVFaWnEX0nPr1C1j5f8Lznuo7jxob8UVnybVMeSGmqrKRJq_87IG31gY6mgS9jMi1d3PcJZmqCGJOrXhp04iySS3MLuVCfRTWGoYssPYFRkkeYqCXcxQIC-RIV5cMb_dAeIA/8jeXosEQOarYhDXvat4AqY4Tk2KENrNFT1sk2kOd4UA),,,,
King Bubble,GRAND ARTIQUE,SUNDAY MAY 24TH,,,8:45 PM,10:00 PM,_SX29867.JPG (https://v5.airtableusercontent.com/v3/u/53/53/1779400800000/suL8YBEdOvpDa3s7ZVOVDw/rSxj5Ti4OavePb3G-GkZ3ZykPf3KX22eYuuZWsMNjiJlCXh4ciOdmGCUfwwZUSm2PzizmlgyI7KRvIkAyneXMSx7cJEjmS2nkiZXOJ9M1n-ZjwjwPZEK_ivUxkk-gN-7YbK7aGFJC4UgbDzAwBlF9-_dkxPdUwiWvxISOe5Tz30/JfoptL9Rpn88YKBPUiL4h8inLKwJrFLj42YB_-VqsyM),,,,
Plexus Play,GRAND ARTIQUE,SUNDAY MAY 24TH,,,10:30 PM,11:45 PM,Plexusplay Headshot Mallets.jpg (https://v5.airtableusercontent.com/v3/u/53/53/1779400800000/ovTKDQer5Fml1k_efQpQww/ZshjLWaa6cFoUS9bo8N0drK1bge_qMsWfKRU2G6gnZuDSw1wyOh8kj31Sm6pUtWtjQtyK1wYsIWkVxMgYQ76UwJarYtYsmQLYYKlP21K7HXpFinQvf-S_Pjq8-wNx5YpIAp7KV1RdAF7imX9mYlt91UrF-PmIIvZm1lbS8l_q1VFjFpby6kejXaA4FD0QWk-/Xn2gHVcHTD0RnY1CAYDNaJOTYXXR8iy2DRpaj8fh190),,,,
Henry Pope,GRAND ARTIQUE,SUNDAY MAY 24TH,,,1:20 AM,2:35 AM,"Screenshot 2026-05-08 at 7.41.18 PM.png (https://v5.airtableusercontent.com/v3/u/53/53/1779400800000/_Z97i_eUnBFJ6-y4oJjFBg/x8XcT7Pp0-QfUJpNBemNfjgra1naoEo4e1PdHPeDZ9x0ZkiWUyAmvza-zw3OHdoK7Hokaj-u903YLcz1Fa8rMPTzdcdn9I2PPuP_NAUi2_SLRLcS-8UKg70IdY4EWO5560xBBwptSwqOklkHh97Zr5OSozwjHkm7opQ3eIETW5PWG3fYf-KHTJToX6xu7LOk/iJCJzj5dGgCr4EC1945Bj9vBdN_t7uyU0qXgU-5W3GE),Screenshot 2026-05-08 at 7.40.58 PM.png (https://v5.airtableusercontent.com/v3/u/53/53/1779400800000/AXqrrWBNzrFKBcTNes1zWw/YvAqmXAwA--_pPOSNfKR1vFwbkjL-5yI0xVTs2tCTqNamxMBNy03PQ8N3WUaI9EJmZLSBoQ-qcVArtDy6A1ACqoPkLhlU8_KRdnhyH0BV9XgEvAiuKJco3vHFJFJPT2OJz4AUkLknqctzfX_dKwlnEf0yIBCY8CutjR4wAAzXbd_tJPWMRG6FWguCcK8bV4L/sAIrzSYkyY938GtkVIYeZRcczgmw7FEq8xKmgts05rA),Screenshot 2026-05-08 at 7.40.31 PM.png (https://v5.airtableusercontent.com/v3/u/53/53/1779400800000/aeCsdFmi68rzxsXuR9l97Q/XLyDHHwMV7YZ0FV4TunB-glGhIaUHPESrewgllLOKHPD2qEGHcbMDjiZ7bWRrO7ty4DvNCEOEUt-sfG3Qwlc6Fzw1P77Wg900zaiAxAzaqp5Tph8A9QbxujGRsygLmAp5q_yk_YX9uhXVTQsvBa58ekWEuFcbN8utZzrI_eCMzAwPOG8QavlZwDUqXCU5WVw/4Jcm2N3l1VWvx_3L3uf1yi3GlOU8u9PxP3LQAciyh60),WhatsApp Image 2026-05-08 at 19.39.28.jpeg (https://v5.airtableusercontent.com/v3/u/53/53/1779400800000/q1x50M0YwRd0NMOWQX0apA/WlCDhgQVFqSuCcTYCkDjM3IVqGdFMFS-DtOgfKehqSw6f1hodGdZ8C5D8tCjRgMjpKk3DI3BHL0KFqsVA7bK6gr_-fuafPO-8o69XuLKUpr7Z6xSTLQPOvg4sFj0tts2E7VlnEAUYJ_5J4inpUYJBHUxYKtkpftrnkU4yw9BNk_QyOAZBaNrN6fQPcELVxq2/4MCMJFZEzrnLn9SJ3-TGM24gmu6Tly39Rm5npOLsRq0),HP Hires-17.jpg (https://v5.airtableusercontent.com/v3/u/53/53/1779400800000/dSZHUucyFrDpmG9FKKH1hQ/r0YSlQnboLrXRL46g7ngCCToTdWUDM8hEJ4gs1KcnRkh6xT6BUfaakTDQvVKo5iu1e44q2JZh99v6z8spZw5b1DIysqhviAkIoBhFABYxvwakOPSqP4QCSlYCQvPBenZXej5r_Zur6MKgFX_9sV_OV4t8VcVoxfTjSGRxCr42xo/DpgrJ3B4UfagyHcH8hvZJmnpsNYJA89HPLnF-qZxgW0)",,,,
Red Giant Project,GRAND ARTIQUE,SUNDAY MAY 24TH,,,2:45 AM,4:00 AM,RGP.BMGR.2023.selects-24.jpeg (https://v5.airtableusercontent.com/v3/u/53/53/1779400800000/hIhZRIhZMaRzIFGtHyng9g/EizeuUu48cId4qKRNlLNsOS5-2YYOmESp0_z-QdtTYfEOUgtO3o0q3plq70uwS_ppHPksUb0la84M8QS2epjD3pTzStNKb1AK3hmjdGHV18IxZ-3MMhI2cEaqRRjQTOtVnA0cGJ1sbGdOLQJapnHMAz8NJP4h2hlfw2CKvY8JRWpKKzE4SD3w0jih4iZa__U/YRnL4hpqWY5EshcP7zmYaZ14ovl1VdzE1FprSX934wE),,,,
Brunch Life & Friends,GRAND ARTIQUE,FRIDAY MAY 22ND,,,11:30 PM,12:45 PM,Dollhouse group .jpeg (https://v5.airtableusercontent.com/v3/u/53/53/1779400800000/VQ9CghY2Sv6IKBmK8jStgA/yVwLA-MXSPysYhX4wI-mhe9wpn9eaSjoxA5v4jV96XQck59qWM8JOy2fReOmBr3dWAw4z-V4PuCYAWRZ5We24CHmLp4X4qQQb1m_LT8czUjbJ0xufqcnaKekZQ2nVHd2hDBPdooSuf8pFSO0i72qKlYvnzR9upTaoF7TZVRtar0/ayJiXZjxT0MI8zbywJVy8Ny6vZj39gzurz__GFPiIG8),,,,
Westley Thornton,GRAND ARTIQUE,FRIDAY MAY 22ND,,,,,IMG_4500.jpeg (https://v5.airtableusercontent.com/v3/u/53/53/1779400800000/akSep4BCDLoodwDnUtPCZg/rRabbDe1Btbvl35s0Wg1KrTsmUKG3D9ez9yJua6p6rCaEeUZt85I2i5HubDq8pZHrv_EMKB06DoGDrR-kZu-CWH_b-OaVcSqpkpgwNMsD3OEfd0cxKy9_KnIU4ocuMoV7-FPAMjFSlC2LB5Q-FMq3asxlp0HkwPACrAihjGpu90/bqVSEYQ7Sa7fqqV5s1DF0568Kzk-0RkVXFaYBMp5QS8),,,,
"Spencer Ray, Stoley, Mac Hill",GRAND ARTIQUE,SUNDAY MAY 24TH,,,,,"B3k.jpeg (https://v5.airtableusercontent.com/v3/u/53/53/1779400800000/cDALlZ--ZdhcDyxF5dnQRA/hkBFdMfmpd-3LKiV1Y0W9_JJKeSHCB0pWKOPCQVIhVCLrEDETIE4FdD4YysjNeeucW6A_rWg8Ul1VeaV_Z748szkp3LiL29-jh4ykM4B2MlU68Bhwcr9UmOGM3RSSQUhB320LW1dg2RTWtSUxArNBw/-sr8kZBHgWr2-t0iBOL47vSBh4cI7PeFQ52VmgasRh8),Screenshot 2026-05-21 at 2.15.58 AM.png (https://v5.airtableusercontent.com/v3/u/53/53/1779400800000/8ONR39LA4hXQel2AhW239A/OsidrdgmYwkowx3Q2CvKURzreWXplM4fTd46wZp7WLtxhbkbBk0SZ0eZmuwINP1875LrFbzcD02zO-2-L0FoMM9ZAgQpR4Yx93Q-2EIt8NmuExY9-MPC9Yt7u6nr2qmClp6LZjZrA1b_fWr8dMqH2k_Nu5jL9Jz_TdAZ3-ko-SQ9ILWvF-sncwh9dvbgqECK/ygaqlBQXAIWyfuUutxdCmBaY96Nc-8tpZgiuqQMjvFg)",,,,
B3k,GRAND ARTIQUE,SATURDAY MAY 23RD,,,,,MtheoryRobbie.JPEG (https://v5.airtableusercontent.com/v3/u/53/53/1779400800000/ZIdukJJuJquJao4wQnG9XA/AnGZPLc41jplEYEcuMZG9dcqQOObeJbBv_4OJYyw3hxq7QtFdQi7Qj2TR5tHDI9IiJzFL7dxewycgVrvzd89okWHqfnXqrMQWOLba4P-srPKl7wZH2_-WV_QWeXZoYpfv7WbaxSApXA8tXdECasNju7KvyWE-5BvVh26OU2wRzo/RLUzkb5Fsctc6D5xyQWIni8avjPOAgPGDSWZzqK_k3s),,,,
VALØR,GRAND ARTIQUE,SATURDAY MAY 23RD,,,,,HVALOR_artist profile_DJ Profile_LIB_2026.jpg (https://v5.airtableusercontent.com/v3/u/53/53/1779400800000/EdvpTMpnUpHlPYhLEyH6OA/289nN84uKNdoVQoO-Nr9-7qZ69KIhuDbEY3GFHDN_EeHt8q323QNQwt0dNY0VJOKpA09O_gHZGFHTQ5_64nYXwm1S01M_5uO86vtyO3f4k_xwwHx_pIV_uU_3tLFFp-alJKJH050OwAjWYkHQ7EUNl-blHe9TT0B8IOuWAKlDLM9kdQ3MBrcriwLkP2EdwzMaUOim-6JtRPQ4SxBcIXiIw/WgYAlJqHarhrsrzIeay1_z7cIDFfnPrJMaoooihTbnQ),,,,
Jaguartivist,GRAND ARTIQUE,,,,,,"jaguartivist_LIB_2026Artboard 1-100.jpg (https://v5.airtableusercontent.com/v3/u/53/53/1779400800000/ZicPPvfAPb0hWCe1kMTDlQ/80mVRjz9rPuStTzt4bUi3aIb7zULin8VgvosIb0_P5G1lERk1fyVOXJ5UFKQd74OVgr4u99eRxaXeRvYuy6jCppCb68CCW5SfUh9WEan71fZcALWOja5hHYYS09suFolhuR3tnNqK0i5MDuVepD0wTZ7MzaM0BkdjHY9N7K9yHcZCXSetL52FdVQDwdnnAwN/z9GsyTmFAiJp--KAFXHPN39Ef8jKWxqVF2J8Z-MOmo0),jaguartivist_LIB_2026Artboard 2-100.jpg (https://v5.airtableusercontent.com/v3/u/53/53/1779400800000/1GLA8n8UpSdE74FjofvMOQ/JMZNZ6L7lr3_V2WF4H3nNFRuKWKiwnnJKmfmc5oJup8qHUgsBOjLOi5pjXSWz2L5wR6gfRCQ53n2Pskfhywz-Gch2l5i58vOVSJlIpRn42Ng6sml6FR0ry8VGIa2537UWkrvrQr9wzac4zYPCa5yq2XoM4nJWDRcVrIn0CZ6GNyn947_rJZNnF8JbrcSBivH/g9bTPEhdX6ttBtJKM_gwjwLH6N3irCsPfCwxN39Eb0E),jaguartivist_LIB_2026Artboard 3-100.jpg (https://v5.airtableusercontent.com/v3/u/53/53/1779400800000/uWCar6qPAC_XpEsllsjZNQ/uddnbNVCjmQbF6ivJh5wGbb4Wz-jUtAveriPatWIv9Q_gXVP0Hnhd4zsfJrY1VkK68kwITvQnGJFIpdY0C2_Ai8bb3yXJilHuWyg1lPozl4xGHQo5mJz5vRbrCvZh5yN-WMkTUm0_Bb8rxiZg22oGrLa1eIGRAc7G6uzYFw08UfowuKq56sa9FWttep6qc7o/Y8z8wD2mfeaxonmt9-RKbcy5FWnMQMOMWsjw_P1Cw-g),jaguartivist_LIB_2026Artboard 4-100.jpg (https://v5.airtableusercontent.com/v3/u/53/53/1779400800000/zArU7oaQhHrXxx2fFGwgGw/iKvl6rejwXUqYHJOnch3USfW4LrnPiWkevT18S36VrrZhFpDlnWXSUUrFcP9S9Zcj3i3uSZ6ndtaNznkHLmYom7y0t-3wiRdcqKzlCy3J3X2kJ8s6nR6ol_ZsF0oRx0yoU2LNbtjMwTAPGutNrbvF5Nt2A1PsP9JKWPjfRt5DKWRJtSxIjd38ywiUqDCVU8N/b2asGGc5hdozLZ43ZH94drD2_B8693tsBrLDqpORGhY)",,,,
Avery Hall,GRAND ARTIQUE,FRIDAY MAY 22ND,,,,,IMG_2620.jpeg (https://v5.airtableusercontent.com/v3/u/53/53/1779400800000/WJy5G5mBrAo5xakzaAbMuA/RLwFSkxibh4Ym0rO-p-SkEWSUk3Js9Rv4YAhtkTnuhpBalX6Svplemzdq_zpmhghqxnfmrW3V7QXiPjV3OZ250taGc3QVGdNECD2eHLCErRSAxxoIGMQm_KeWBbU1C3moE37NrqbNhotgrStJ9V_WiZ3befCqo0MkMM-db3neFQ/Gv_2SIoGJn3w3hREBemnJYoaa1eQwzmNEKcvOGg7UjI),,,,
Mikey Lion,GRAND ARTIQUE,FRIDAY MAY 22ND,,,10:15 PM,11:30 PM,Mikey lion.jpeg (https://v5.airtableusercontent.com/v3/u/53/53/1779400800000/U4VUyYgTLbY6LnesdXWfvA/6RmyT6ehyqSYKv1y5FBBw-53zxlY4UgHzsIcdO9hIrCUlURp4k0pZpUl8sSMDyv5UuMK6f4RS7LlwkNqbE4qCH5-Rv-OBDRR330CinU341vtYgwlaI1r72-cJ8fvCk37d8m1EPw5CbN9kD5wW3xUifItQPHdV1i-Tn8DBOxUs8A/ZcNrMw6J4djpGIPpWE1fBFmQrQa2huww7iAxsvKln6k),,,,
Elephant Heart,GRAND ARTIQUE,SATURDAY MAY 23RD,,,2:45 AM,4:00 AM,elephant-heart.jpg (https://v5.airtableusercontent.com/v3/u/53/53/1779400800000/ZIzZNMdcMPsCBBRWI9wlog/4NO-yIMZpzcKD67pBumY_gHAji5wS-tWX_Y_nOv3xoyrK3f1B7Zx6O-D0PgRVR9zx39HqiqSEscdUhKBzFPV4iWXSkRu62cth7lgWwMZ62GK2vKzvGH1uUwrvpoJjW9P7cYfwMFez2n7WBS2K6i0MBCNDvw14M_jjwrs_HjFY-U/1yrA7DSfNlEO35bft2EO6pSi5D7cg-cDshaA_mGIDJM),,,,
GUESTS/ MISC,"LIGHTNING,LIGHTNING",,,,,,,,,,